Date,Adj Close
01-12-2006,141.449173
04-12-2006,148.078171
05-12-2006,148.187225
06-12-2006,147.927109
07-12-2006,149.815109
08-12-2006,145.468521
11-12-2006,140.87854
12-12-2006,137.656342
13-12-2006,141.155457
14-12-2006,142.388962
15-12-2006,144.0336
18-12-2006,149.815109
19-12-2006,144.562256
20-12-2006,140.375092
21-12-2006,145.04895
22-12-2006,144.344086
26-12-2006,148.447357
27-12-2006,152.173004
28-12-2006,151.552078
29-12-2006,151.1409
02-01-2007,155.990967
03-01-2007,157.459427
04-01-2007,158.944626
05-01-2007,157.316772
08-01-2007,155.823151
09-01-2007,152.903046
10-01-2007,152.458298
11-01-2007,154.119751
12-01-2007,157.954514
15-01-2007,159.179596
16-01-2007,160.69841
17-01-2007,161.906723
18-01-2007,160.178146
19-01-2007,159.548798
22-01-2007,161.663361
23-01-2007,159.506851
24-01-2007,153.733749
25-01-2007,155.680511
29-01-2007,150.947937
31-01-2007,147.398483
01-02-2007,152.10585
02-02-2007,152.693253
05-02-2007,154.237228
06-02-2007,154.40506
07-02-2007,151.426208
08-02-2007,150.503159
09-02-2007,151.887726
12-02-2007,146.853027
13-02-2007,145.460129
14-02-2007,142.682648
15-02-2007,145.888046
19-02-2007,145.971985
20-02-2007,143.656052
21-02-2007,144.134293
22-02-2007,140.09819
23-02-2007,137.110947
26-02-2007,140.895355
27-02-2007,138.176605
28-02-2007,131.337845
01-03-2007,132.420303
02-03-2007,130.129547
05-03-2007,124.171844
06-03-2007,121.939804
07-03-2007,123.953667
08-03-2007,128.694641
09-03-2007,127.06678
12-03-2007,128.333832
13-03-2007,129.74353
14-03-2007,124.801147
15-03-2007,121.830704
16-03-2007,125.573143
19-03-2007,129.508591
20-03-2007,129.097397
21-03-2007,130.196671
22-03-2007,135.113861
23-03-2007,132.504227
26-03-2007,126.294792
28-03-2007,120.76503
29-03-2007,120.236382
30-03-2007,122.208305
02-04-2007,112.592087
03-04-2007,114.354225
04-04-2007,114.589172
05-04-2007,115.14299
09-04-2007,118.096657
10-04-2007,121.092285
11-04-2007,121.302063
12-04-2007,119.556725
13-04-2007,121.88945
16-04-2007,125.908791
17-04-2007,122.611076
18-04-2007,121.251709
19-04-2007,119.674187
20-04-2007,121.318825
23-04-2007,120.521683
24-04-2007,124.457146
25-04-2007,127.385628
26-04-2007,128.652695
27-04-2007,125.757774
30-04-2007,126.160522
03-05-2007,123.030647
04-05-2007,122.762115
07-05-2007,122.225098
08-05-2007,121.688026
09-05-2007,121.377602
10-05-2007,119.967865
11-05-2007,120.177666
14-05-2007,120.026634
15-05-2007,119.883972
16-05-2007,123.290764
17-05-2007,125.967522
18-05-2007,124.490692
21-05-2007,121.746819
22-05-2007,121.998535
23-05-2007,118.818298
24-05-2007,119.607071
25-05-2007,121.998535
28-05-2007,122.971893
29-05-2007,124.331261
30-05-2007,124.541046
31-05-2007,126.823441
01-06-2007,128.064774
04-06-2007,121.712479
05-06-2007,121.65255
06-06-2007,117.800079
07-06-2007,116.062187
08-06-2007,111.670364
11-06-2007,111.841583
12-06-2007,109.786934
13-06-2007,110.471817
14-06-2007,109.966721
15-06-2007,111.362167
18-06-2007,110.429008
19-06-2007,113.605156
20-06-2007,117.526123
21-06-2007,117.714462
22-06-2007,117.166565
25-06-2007,116.113541
26-06-2007,117.217934
27-06-2007,115.009171
28-06-2007,113.759254
29-06-2007,114.752342
02-07-2007,116.806999
03-07-2007,117.431938
04-07-2007,120.085876
05-07-2007,121.489899
06-07-2007,121.772415
09-07-2007,122.645622
10-07-2007,127.26004
11-07-2007,126.035812
12-07-2007,126.677864
13-07-2007,131.335068
16-07-2007,130.042358
17-07-2007,128.210312
18-07-2007,127.277176
19-07-2007,132.995956
20-07-2007,131.42926
23-07-2007,131.258041
24-07-2007,127.91925
25-07-2007,124.306465
26-07-2007,125.308121
27-07-2007,119.70919
30-07-2007,121.096085
31-07-2007,119.751991
01-08-2007,114.272919
02-08-2007,111.601875
03-08-2007,112.38092
06-08-2007,111.088219
07-08-2007,112.612076
08-08-2007,112.826111
09-08-2007,113.613731
10-08-2007,114.615372
13-08-2007,118.57914
14-08-2007,118.339432
16-08-2007,113.091492
17-08-2007,109.778389
20-08-2007,111.26799
21-08-2007,108.579826
22-08-2007,106.071434
23-08-2007,106.294014
24-08-2007,112.423729
27-08-2007,115.642677
28-08-2007,113.528099
29-08-2007,115.428673
30-08-2007,116.558731
31-08-2007,120.154366
03-09-2007,120.342705
04-09-2007,118.37365
05-09-2007,119.657822
06-09-2007,121.917931
07-09-2007,119.0243
10-09-2007,120.317017
11-09-2007,117.996971
12-09-2007,117.243607
13-09-2007,118.998634
14-09-2007,118.784584
17-09-2007,118.955818
18-09-2007,119.186966
19-09-2007,123.347626
20-09-2007,125.205376
21-09-2007,126.874802
24-09-2007,127.936386
25-09-2007,126.857674
26-09-2007,126.686462
27-09-2007,128.638367
28-09-2007,133.021622
01-10-2007,132.405243
03-10-2007,134.939285
04-10-2007,136.88266
05-10-2007,133.389771
08-10-2007,130.872803
09-10-2007,136.317612
10-10-2007,138.124023
11-10-2007,142.207642
12-10-2007,137.550415
15-10-2007,140.110168
16-10-2007,140.538239
17-10-2007,138.166809
18-10-2007,135.495773
19-10-2007,134.434219
22-10-2007,132.336746
23-10-2007,136.223465
24-10-2007,132.627823
25-10-2007,137.079575
26-10-2007,137.798676
29-10-2007,138.21817
30-10-2007,131.454941
31-10-2007,129.759888
01-11-2007,127.893555
02-11-2007,129.237656
05-11-2007,126.729263
06-11-2007,123.184982
07-11-2007,123.330505
08-11-2007,121.147453
12-11-2007,117.17511
13-11-2007,118.707558
14-11-2007,121.164574
15-11-2007,119.67495
16-11-2007,119.3582
19-11-2007,120.385506
20-11-2007,121.301552
21-11-2007,118.365112
22-11-2007,118.913017
23-11-2007,122.311752
26-11-2007,121.866585
27-11-2007,123.236343
28-11-2007,123.493172
29-11-2007,122.97094
30-11-2007,125.410866
03-12-2007,126.044373
04-12-2007,126.926163
05-12-2007,132.251144
06-12-2007,132.773376
07-12-2007,131.377914
10-12-2007,131.232361
11-12-2007,132.730545
12-12-2007,131.84874
13-12-2007,130.667313
14-12-2007,127.533966
17-12-2007,120.154366
18-12-2007,120.231415
19-12-2007,118.26239
20-12-2007,121.592628
24-12-2007,125.059845
26-12-2007,128.775345
27-12-2007,126.147102
28-12-2007,124.880081
31-12-2007,127.028908
01-01-2008,130.53035
02-01-2008,135.872467
03-01-2008,135.538589
04-01-2008,133.83493
07-01-2008,134.477005
08-01-2008,132.679184
09-01-2008,131.874466
10-01-2008,128.278793
11-01-2008,130.658783
14-01-2008,131.086838
15-01-2008,131.668976
16-01-2008,128.407227
17-01-2008,126.129959
18-01-2008,122.303192
21-01-2008,111.918633
22-01-2008,111.447777
23-01-2008,112.808983
24-01-2008,112.757614
25-01-2008,121.643982
28-01-2008,122.037796
29-01-2008,122.560028
30-01-2008,119.332504
31-01-2008,119.760551
01-02-2008,129.01506
04-02-2008,131.84021
05-02-2008,129.100647
06-02-2008,126.010117
07-02-2008,122.440155
08-02-2008,121.729607
11-02-2008,120.000275
12-02-2008,118.810287
13-02-2008,122.388794
14-02-2008,125.530708
15-02-2008,128.732544
18-02-2008,125.453674
19-02-2008,126.643639
20-02-2008,121.618317
21-02-2008,121.233063
22-02-2008,119.178413
25-02-2008,120.856361
26-02-2008,120.565308
27-02-2008,121.198814
28-02-2008,121.5327
29-02-2008,119.914658
03-03-2008,119.015739
04-03-2008,120.231415
05-03-2008,120.599525
07-03-2008,115.026306
10-03-2008,115.539963
11-03-2008,111.858704
12-03-2008,110.454689
13-03-2008,106.388206
14-03-2008,109.179092
17-03-2008,104.342102
18-03-2008,106.062874
19-03-2008,111.404968
24-03-2008,113.553795
25-03-2008,116.447433
26-03-2008,116.216293
27-03-2008,112.209709
28-03-2008,110.617348
31-03-2008,106.619339
01-04-2008,107.56105
02-04-2008,108.853783
03-04-2008,107.732285
04-04-2008,104.907143
07-04-2008,108.220245
08-04-2008,107.800758
09-04-2008,108.168892
10-04-2008,106.722076
11-04-2008,106.57653
15-04-2008,106.76487
16-04-2008,105.052666
17-04-2008,105.720436
21-04-2008,106.508041
22-04-2008,108.348671
23-04-2008,108.802406
24-04-2008,109.769806
25-04-2008,109.461617
28-04-2008,108.571266
29-04-2008,109.555786
30-04-2008,113.77639
02-05-2008,118.407898
05-05-2008,117.457634
06-05-2008,116.678581
07-05-2008,116.378929
08-05-2008,114.512627
09-05-2008,114.606804
12-05-2008,114.563995
13-05-2008,114.058891
14-05-2008,114.495522
15-05-2008,112.997322
16-05-2008,115.026306
20-05-2008,116.182045
21-05-2008,117.937057
22-05-2008,113.185677
23-05-2008,109.161972
26-05-2008,106.268349
27-05-2008,108.108963
28-05-2008,108.819527
29-05-2008,99.881805
30-05-2008,98.57196
02-06-2008,96.645721
03-06-2008,97.673042
04-06-2008,92.63913
05-06-2008,91.260803
06-06-2008,92.493622
09-06-2008,88.992126
10-06-2008,87.279938
11-06-2008,86.303955
12-06-2008,86.937485
13-06-2008,88.37574
16-06-2008,91.135544
17-06-2008,91.664589
18-06-2008,91.364799
19-06-2008,88.984131
20-06-2008,86.347763
23-06-2008,86.435921
24-06-2008,85.21032
25-06-2008,83.614403
26-06-2008,86.056786
27-06-2008,78.359299
30-06-2008,75.132179
01-07-2008,72.037308
02-07-2008,72.874947
03-07-2008,69.048225
04-07-2008,70.582451
07-07-2008,69.215775
08-07-2008,66.588196
09-07-2008,71.808037
10-07-2008,70.467804
11-07-2008,70.59127
14-07-2008,72.257729
15-07-2008,71.525887
16-07-2008,69.780067
17-07-2008,72.451706
18-07-2008,74.400322
21-07-2008,73.853661
22-07-2008,72.672134
23-07-2008,77.742073
24-07-2008,77.653915
25-07-2008,75.176239
28-07-2008,75.193893
29-07-2008,69.894699
30-07-2008,73.324608
31-07-2008,71.155563
01-08-2008,69.700714
04-08-2008,70.009315
05-08-2008,72.063751
06-08-2008,75.696465
07-08-2008,78.720802
08-08-2008,77.715637
11-08-2008,78.994148
12-08-2008,76.913261
13-08-2008,76.393036
14-08-2008,76.181412
18-08-2008,74.999908
19-08-2008,74.400322
20-08-2008,74.902916
21-08-2008,73.315804
22-08-2008,75.36142
25-08-2008,76.481209
26-08-2008,76.340134
27-08-2008,74.567863
28-08-2008,73.262894
29-08-2008,77.662727
01-09-2008,77.195404
02-09-2008,75.793465
04-09-2008,75.3526
05-09-2008,74.074081
08-09-2008,76.966156
09-09-2008,76.57988
10-09-2008,76.406898
11-09-2008,77.23542
12-09-2008,75.232368
15-09-2008,71.098839
16-09-2008,72.628426
17-09-2008,76.079117
18-09-2008,75.760452
19-09-2008,77.080627
22-09-2008,75.623886
23-09-2008,71.690628
24-09-2008,70.561653
25-09-2008,69.924316
26-09-2008,68.203522
29-09-2008,64.570732
30-09-2008,62.622326
01-10-2008,61.848427
03-10-2008,60.182259
06-10-2008,57.177704
07-10-2008,57.651142
08-10-2008,54.619267
10-10-2008,53.235355
13-10-2008,54.500904
14-10-2008,54.528225
15-10-2008,51.441723
16-10-2008,45.705738
17-10-2008,44.330925
20-10-2008,44.431076
21-10-2008,45.113934
22-10-2008,41.563091
23-10-2008,35.4356
24-10-2008,29.60858
27-10-2008,25.493242
29-10-2008,29.098715
31-10-2008,30.874136
03-11-2008,34.679913
04-11-2008,35.317242
05-11-2008,33.177635
06-11-2008,28.679897
07-11-2008,28.725422
10-11-2008,31.047125
11-11-2008,28.1154
12-11-2008,27.39613
14-11-2008,24.983374
17-11-2008,25.666233
18-11-2008,25.256519
19-11-2008,24.482615
20-11-2008,22.980335
21-11-2008,24.21858
24-11-2008,24.273207
25-11-2008,24.737547
26-11-2008,25.566076
27-11-2008,25.566076
28-11-2008,24.928749
01-12-2008,24.154846
02-12-2008,23.417364
03-12-2008,24.264105
04-12-2008,27.487177
05-12-2008,27.887785
08-12-2008,27.696583
10-12-2008,29.763355
11-12-2008,29.253496
12-12-2008,27.924204
15-12-2008,28.798258
16-12-2008,30.036499
17-12-2008,29.544846
18-12-2008,31.620724
19-12-2008,32.585827
22-12-2008,34.206467
23-12-2008,31.757296
24-12-2008,29.062298
26-12-2008,28.352127
29-12-2008,27.122988
30-12-2008,28.461384
31-12-2008,29.107817
02-01-2009,32.057747
05-01-2009,32.494781
06-01-2009,33.951538
07-01-2009,31.711769
09-01-2009,30.182177
12-01-2009,29.408276
13-01-2009,28.242868
14-01-2009,28.470488
15-01-2009,27.43255
16-01-2009,27.851366
19-01-2009,27.332396
20-01-2009,26.540287
21-01-2009,25.475031
22-01-2009,24.200369
23-01-2009,24.591875
27-01-2009,25.556973
28-01-2009,26.704172
29-01-2009,27.687481
30-01-2009,27.250452
02-02-2009,26.176096
03-02-2009,24.254997
04-02-2009,24.664711
05-02-2009,23.872601
06-02-2009,25.038006
09-02-2009,25.784594
10-02-2009,25.16547
11-02-2009,24.783073
12-02-2009,24.819492
13-02-2009,25.083527
16-02-2009,24.810387
17-02-2009,23.817972
18-02-2009,24.273207
19-02-2009,24.500826
20-02-2009,24.355148
24-02-2009,24.054693
25-02-2009,25.51145
26-02-2009,27.305082
27-02-2009,27.18672
02-03-2009,26.503864
03-03-2009,25.830114
04-03-2009,26.057734
05-03-2009,25.37488
06-03-2009,25.247414
09-03-2009,24.883224
12-03-2009,26.594913
13-03-2009,29.444693
16-03-2009,30.355167
17-03-2009,31.302061
18-03-2009,32.121483
19-03-2009,31.26564
20-03-2009,29.299017
23-03-2009,30.255018
24-03-2009,29.581266
25-03-2009,29.198862
26-03-2009,32.030437
27-03-2009,34.397667
30-03-2009,31.320272
31-03-2009,32.831654
01-04-2009,32.777023
02-04-2009,37.083557
06-04-2009,38.248959
08-04-2009,40.707241
09-04-2009,41.299049
13-04-2009,45.91515
15-04-2009,51.259621
16-04-2009,43.966732
17-04-2009,42.937904
20-04-2009,44.777054
21-04-2009,42.48267
22-04-2009,42.364307
23-04-2009,44.686012
24-04-2009,46.170078
27-04-2009,45.350651
28-04-2009,42.33699
29-04-2009,44.394661
30-04-2009,44.394661
04-05-2009,47.044132
05-05-2009,49.411366
06-05-2009,48.227745
07-05-2009,49.520618
08-05-2009,48.928818
11-05-2009,46.852943
12-05-2009,48.65567
13-05-2009,48.755829
14-05-2009,47.317276
15-05-2009,48.300591
18-05-2009,54.865101
19-05-2009,55.666313
20-05-2009,66.145866
21-05-2009,65.089706
22-05-2009,62.959198
25-05-2009,62.950096
26-05-2009,59.289989
27-05-2009,62.613209
28-05-2009,60.610184
29-05-2009,61.338554
01-06-2009,61.329453
02-06-2009,63.632957
03-06-2009,65.972862
04-06-2009,67.202011
05-06-2009,70.871201
08-06-2009,66.491837
09-06-2009,67.029015
10-06-2009,65.790771
11-06-2009,67.220222
12-06-2009,65.053291
15-06-2009,62.403812
16-06-2009,63.723999
17-06-2009,58.980434
18-06-2009,60.000168
19-06-2009,62.922794
22-06-2009,60.737652
23-06-2009,62.349194
24-06-2009,65.053291
25-06-2009,61.420509
26-06-2009,61.957695
29-06-2009,57.159485
30-06-2009,52.943996
01-07-2009,54.56464
02-07-2009,53.599541
03-07-2009,54.774052
06-07-2009,51.514553
07-07-2009,51.059319
08-07-2009,51.223209
09-07-2009,49.620773
10-07-2009,49.26569
13-07-2009,47.827137
14-07-2009,49.584354
15-07-2009,52.543396
16-07-2009,54.027466
17-07-2009,57.505466
20-07-2009,59.717915
21-07-2009,59.563133
22-07-2009,59.189842
23-07-2009,61.975883
24-07-2009,67.893959
27-07-2009,68.121582
28-07-2009,75.45089
29-07-2009,71.608696
30-07-2009,72.009308
31-07-2009,76.761971
03-08-2009,79.652901
04-08-2009,81.851112
05-08-2009,83.07029
06-08-2009,77.288429
07-08-2009,76.604965
10-08-2009,74.6007
11-08-2009,79.52359
12-08-2009,82.802444
13-08-2009,87.383575
14-08-2009,86.358368
17-08-2009,80.474922
18-08-2009,81.287689
19-08-2009,79.375809
20-08-2009,79.228035
21-08-2009,79.957703
24-08-2009,84.760506
25-08-2009,90.579308
26-08-2009,92.30648
27-08-2009,89.79422
28-08-2009,90.597786
31-08-2009,90.459236
01-09-2009,95.317467
02-09-2009,96.084076
03-09-2009,94.264549
04-09-2009,93.895111
07-09-2009,104.553665
08-09-2009,104.507492
09-09-2009,102.900391
10-09-2009,103.934837
11-09-2009,101.653496
14-09-2009,104.239647
15-09-2009,105.117065
16-09-2009,111.711716
17-09-2009,111.896431
18-09-2009,110.815796
22-09-2009,113.577431
23-09-2009,112.302834
24-09-2009,111.582405
25-09-2009,109.624336
29-09-2009,109.393433
30-09-2009,109.199471
01-10-2009,107.12133
05-10-2009,104.082619
06-10-2009,103.075867
07-10-2009,103.131287
08-10-2009,108.848495
09-10-2009,100.794533
12-10-2009,101.284058
13-10-2009,101.284058
14-10-2009,106.169991
15-10-2009,105.892906
16-10-2009,107.010483
20-10-2009,107.112083
21-10-2009,102.493996
22-10-2009,100.027939
23-10-2009,97.774307
26-10-2009,99.640022
27-10-2009,101.293289
28-10-2009,103.824013
29-10-2009,102.567879
30-10-2009,104.784569
03-11-2009,102.032188
04-11-2009,105.329514
05-11-2009,106.271606
06-11-2009,105.283325
09-11-2009,107.269096
10-11-2009,109.652046
11-11-2009,114.82431
12-11-2009,114.371727
13-11-2009,114.519516
16-11-2009,117.271896
17-11-2009,115.738686
18-11-2009,119.414696
19-11-2009,117.687523
20-11-2009,118.574203
23-11-2009,119.599419
24-11-2009,120.079697
25-11-2009,119.026772
26-11-2009,116.994804
27-11-2009,116.23745
30-11-2009,122.499573
01-12-2009,129.860825
02-12-2009,135.402542
03-12-2009,130.562759
04-12-2009,131.070755
07-12-2009,130.045547
08-12-2009,133.647659
09-12-2009,132.908768
10-12-2009,131.754242
11-12-2009,131.504883
14-12-2009,131.255493
15-12-2009,127.219269
16-12-2009,131.070755
17-12-2009,131.560303
18-12-2009,135.578018
21-12-2009,134.321899
22-12-2009,134.063293
23-12-2009,137.88707
24-12-2009,144.047638
29-12-2009,145.202133
30-12-2009,145.21138
31-12-2009,146.218109
04-01-2010,152.664963
05-01-2010,150.004974
06-01-2010,150.235855
07-01-2010,145.10054
08-01-2010,145.894852
11-01-2010,145.959488
12-01-2010,145.248322
13-01-2010,144.998917
14-01-2010,144.48172
15-01-2010,147.26181
18-01-2010,149.783264
19-01-2010,149.016708
20-01-2010,148.693405
21-01-2010,144.592545
22-01-2010,143.72435
25-01-2010,141.98793
27-01-2010,132.622452
28-01-2010,131.357086
29-01-2010,128.26297
01-02-2010,132.973434
02-02-2010,131.052307
03-02-2010,133.287445
04-02-2010,127.385536
05-02-2010,124.171333
06-02-2010,null
08-02-2010,124.365295
09-02-2010,124.937935
10-02-2010,123.709526
11-02-2010,127.053017
15-02-2010,126.194054
16-02-2010,129.888504
17-02-2010,131.431
18-02-2010,131.126205
19-02-2010,129.269699
22-02-2010,130.239487
23-02-2010,129.251221
24-02-2010,126.434181
25-02-2010,123.28466
26-02-2010,131.375549
02-03-2010,147.418808
03-03-2010,149.487701
04-03-2010,150.18045
05-03-2010,146.716888
08-03-2010,147.34494
09-03-2010,143.354904
10-03-2010,143.853622
11-03-2010,142.311203
12-03-2010,140.556305
15-03-2010,142.071075
16-03-2010,145.202133
17-03-2010,144.17691
18-03-2010,144.139984
19-03-2010,144.75882
22-03-2010,140.427017
23-03-2010,136.566284
25-03-2010,133.96167
26-03-2010,138.496658
29-03-2010,136.806442
30-03-2010,139.641953
31-03-2010,139.96521
01-04-2010,143.650452
05-04-2010,144.352417
06-04-2010,143.003922
07-04-2010,146.920059
08-04-2010,143.72435
09-04-2010,149.5616
12-04-2010,144.278534
13-04-2010,143.105515
15-04-2010,143.225601
16-04-2010,144.96199
19-04-2010,143.308716
20-04-2010,146.365891
21-04-2010,149.515427
22-04-2010,154.549149
23-04-2010,155.98999
26-04-2010,157.162979
27-04-2010,156.377914
28-04-2010,151.759827
29-04-2010,155.639023
30-04-2010,161.189987
03-05-2010,157.83725
04-05-2010,155.574371
05-05-2010,154.21666
06-05-2010,150.263565
07-05-2010,140.898071
10-05-2010,150.29129
11-05-2010,147.760544
12-05-2010,148.268585
13-05-2010,153.477737
14-05-2010,150.780792
17-05-2010,145.784012
18-05-2010,142.671417
19-05-2010,132.059036
20-05-2010,131.504883
21-05-2010,131.126205
24-05-2010,130.590485
25-05-2010,124.402237
26-05-2010,131.061539
27-05-2010,137.01886
28-05-2010,138.45047
31-05-2010,139.466461
01-06-2010,133.915512
02-06-2010,137.83165
03-06-2010,141.72934
04-06-2010,142.532883
07-06-2010,136.159927
08-06-2010,135.919769
09-06-2010,134.488144
10-06-2010,140.223846
11-06-2010,141.295227
14-06-2010,140.436279
15-06-2010,140.334671
16-06-2010,144.149185
17-06-2010,148.18544
18-06-2010,148.111542
21-06-2010,149.127502
22-06-2010,147.34494
23-06-2010,146.125763
24-06-2010,145.04512
25-06-2010,142.034119
28-06-2010,145.793259
29-06-2010,142.412796
30-06-2010,143.807465
01-07-2010,140.898071
02-07-2010,141.572296
05-07-2010,140.981201
06-07-2010,141.849396
07-07-2010,138.718353
08-07-2010,139.678894
09-07-2010,142.366623
12-07-2010,145.959488
13-07-2010,148.12999
14-07-2010,147.779022
15-07-2010,149.533905
16-07-2010,153.764084
19-07-2010,152.452545
20-07-2010,150.189682
21-07-2010,151.538162
22-07-2010,154.6138
23-07-2010,154.872406
26-07-2010,151.69519
27-07-2010,156.008469
28-07-2010,157.901886
29-07-2010,160.100113
30-07-2010,156.340958
02-08-2010,156.525696
03-08-2010,155.500488
04-08-2010,155.98999
05-08-2010,159.04718
06-08-2010,165.087662
09-08-2010,169.835052
10-08-2010,179.769012
11-08-2010,189.0457
12-08-2010,192.425888
13-08-2010,190.303909
16-08-2010,188.041031
17-08-2010,189.036362
18-08-2010,196.857697
19-08-2010,195.383545
20-08-2010,190.670074
23-08-2010,190.670074
24-08-2010,189.994034
25-08-2010,186.341583
26-08-2010,187.299301
27-08-2010,186.059906
30-08-2010,185.8815
31-08-2010,189.73114
01-09-2010,189.806259
02-09-2010,190.970535
03-09-2010,190.369598
06-09-2010,194.360092
07-09-2010,195.13942
08-09-2010,193.965759
09-09-2010,190.576187
13-09-2010,192.857803
14-09-2010,198.153397
15-09-2010,192.407104
16-09-2010,193.195847
17-09-2010,194.453995
20-09-2010,198.575928
21-09-2010,202.923218
22-09-2010,201.101669
23-09-2010,201.740143
24-09-2010,201.477234
27-09-2010,203.505356
28-09-2010,202.904449
29-09-2010,207.777527
30-09-2010,206.209518
01-10-2010,209.22348
04-10-2010,213.899399
05-10-2010,213.0168
06-10-2010,213.833664
07-10-2010,211.95578
08-10-2010,207.120255
11-10-2010,216.256134
12-10-2010,217.195053
13-10-2010,220.9039
14-10-2010,222.199585
15-10-2010,217.091797
18-10-2010,219.514236
19-10-2010,220.490753
20-10-2010,217.392242
21-10-2010,219.16684
22-10-2010,215.739716
25-10-2010,222.650299
26-10-2010,224.359146
27-10-2010,224.603287
28-10-2010,223.955429
29-10-2010,217.645767
01-11-2010,219.824097
02-11-2010,216.753754
03-11-2010,222.631516
04-11-2010,231.739212
08-11-2010,238.349319
09-11-2010,238.471375
10-11-2010,244.593277
11-11-2010,239.607513
12-11-2010,234.030212
15-11-2010,235.147552
16-11-2010,226.387268
18-11-2010,231.119507
19-11-2010,223.279388
22-11-2010,230.546768
23-11-2010,227.880173
24-11-2010,228.884872
25-11-2010,226.434235
26-11-2010,219.044769
29-11-2010,222.716034
30-11-2010,231.908234
01-12-2010,241.63562
02-12-2010,247.907715
03-12-2010,246.884277
06-12-2010,254.987305
07-12-2010,250.771454
08-12-2010,250.902939
09-12-2010,239.213165
10-12-2010,234.283752
13-12-2010,239.842255
14-12-2010,245.241165
15-12-2010,248.424133
16-12-2010,252.949829
20-12-2010,253.700943
21-12-2010,253.513184
22-12-2010,256.358185
23-12-2010,254.029587
24-12-2010,245.278702
27-12-2010,244.330353
28-12-2010,238.2836
29-12-2010,239.213165
30-12-2010,244.151978
31-12-2010,245.691818
03-01-2011,245.710602
04-01-2011,243.823318
05-01-2011,240.893845
06-01-2011,236.800095
07-01-2011,223.50473
10-01-2011,220.969589
11-01-2011,217.467377
12-01-2011,228.72522
13-01-2011,232.236862
14-01-2011,222.039993
17-01-2011,221.373322
18-01-2011,225.260544
19-01-2011,223.983597
20-01-2011,224.349777
21-01-2011,222.978943
24-01-2011,223.147934
25-01-2011,218.960266
27-01-2011,224.565735
28-01-2011,216.012024
31-01-2011,215.401703
01-02-2011,200.754272
02-02-2011,209.242264
03-02-2011,217.23262
04-02-2011,216.115295
07-02-2011,215.270248
08-02-2011,208.866684
09-02-2011,201.608719
10-02-2011,207.035782
11-02-2011,214.584824
14-02-2011,227.082077
15-02-2011,232.358917
16-02-2011,232.565445
17-02-2011,234.471512
18-02-2011,226.387268
21-02-2011,218.162186
22-02-2011,213.486267
23-02-2011,214.810165
24-02-2011,198.003204
25-02-2011,208.575638
28-02-2011,203.326965
01-03-2011,214.425217
03-03-2011,220.932037
04-03-2011,220.791199
07-03-2011,211.814957
08-03-2011,218.237289
09-03-2011,218.453247
10-03-2011,218.772491
11-03-2011,218.321808
14-03-2011,220.800598
15-03-2011,214.472153
16-03-2011,219.054153
17-03-2011,214.068405
18-03-2011,209.843185
21-03-2011,210.547379
22-03-2011,213.345428
23-03-2011,213.495651
24-03-2011,217.326523
25-03-2011,222.312286
28-03-2011,229.851929
29-03-2011,232.753265
30-03-2011,234.546661
31-03-2011,234.424576
01-04-2011,233.19458
04-04-2011,235.523132
05-04-2011,240.433777
06-04-2011,243.879684
07-04-2011,242.414932
08-04-2011,235.354126
11-04-2011,229.016296
13-04-2011,234.518463
15-04-2011,232.077225
18-04-2011,226.443604
19-04-2011,225.589157
20-04-2011,235.063049
21-04-2011,233.56076
25-04-2011,233.335403
26-04-2011,236.85643
27-04-2011,234.640533
28-04-2011,231.410599
29-04-2011,232.265015
02-05-2011,230.105453
03-05-2011,218.41568
04-05-2011,217.702087
05-05-2011,213.542587
06-05-2011,225.335663
09-05-2011,220.997772
10-05-2011,222.76297
11-05-2011,227.532776
12-05-2011,222.903839
13-05-2011,227.420105
16-05-2011,228.302689
17-05-2011,223.279388
18-05-2011,215.796051
19-05-2011,216.115295
20-05-2011,219.457916
23-05-2011,212.096634
24-05-2011,210.669449
25-05-2011,212.913498
26-05-2011,218.28421
27-05-2011,204.472458
30-05-2011,202.312897
31-05-2011,205.683701
01-06-2011,202.791763
02-06-2011,196.838898
03-06-2011,192.256882
06-06-2011,192.238098
07-06-2011,192.895355
08-06-2011,193.148865
09-06-2011,191.759216
10-06-2011,191.46817
13-06-2011,189.721756
14-06-2011,184.782928
15-06-2011,186.68898
16-06-2011,184.717224
17-06-2011,184.21019
20-06-2011,174.8302
21-06-2011,175.806686
22-06-2011,175.750366
23-06-2011,177.459213
24-06-2011,181.487259
27-06-2011,183.609268
28-06-2011,184.914398
29-06-2011,187.252365
30-06-2011,186.69838
01-07-2011,186.792252
04-07-2011,189.975266
05-07-2011,190.782745
06-07-2011,194.453995
07-07-2011,198.200333
08-07-2011,197.92807
11-07-2011,197.712112
12-07-2011,192.463455
13-07-2011,196.369415
14-07-2011,200.575882
15-07-2011,193.993927
18-07-2011,190.566803
19-07-2011,188.488342
20-07-2011,185.595734
21-07-2011,187.156982
22-07-2011,190.978653
25-07-2011,192.78894
26-07-2011,186.400314
27-07-2011,183.459824
28-07-2011,182.118866
29-07-2011,181.620804
01-08-2011,184.187744
02-08-2011,183.210785
03-08-2011,177.799133
04-08-2011,175.078934
05-08-2011,170.414383
08-08-2011,158.556641
09-08-2011,152.11055
10-08-2011,161.717407
11-08-2011,162.636932
12-08-2011,153.250336
16-08-2011,153.547272
17-08-2011,149.198776
18-08-2011,144.064911
19-08-2011,136.459839
22-08-2011,141.181885
23-08-2011,139.38121
24-08-2011,134.237717
25-08-2011,136.823792
26-08-2011,133.806717
29-08-2011,139.965439
30-08-2011,142.197174
02-09-2011,144.582138
05-09-2011,144.285187
06-09-2011,146.698883
07-09-2011,147.33107
08-09-2011,151.459198
09-09-2011,146.526474
12-09-2011,140.176178
13-09-2011,133.710938
14-09-2011,136.488571
15-09-2011,144.821579
16-09-2011,155.022278
19-09-2011,154.878616
20-09-2011,159.188782
21-09-2011,157.895737
22-09-2011,148.126022
23-09-2011,140.655075
26-09-2011,140.55928
27-09-2011,149.179611
28-09-2011,149.466965
29-09-2011,154.112396
30-09-2011,149.466965
03-10-2011,147.120316
04-10-2011,140.511414
05-10-2011,141.181885
07-10-2011,152.436188
10-10-2011,163.54686
11-10-2011,169.293732
12-10-2011,173.124985
13-10-2011,168.431702
14-10-2011,172.454514
17-10-2011,180.164932
18-10-2011,173.603897
19-10-2011,179.063431
20-10-2011,175.375854
21-10-2011,170.634689
24-10-2011,178.297195
25-10-2011,183.708847
28-10-2011,198.07608
31-10-2011,190.078323
01-11-2011,185.289246
02-11-2011,183.996185
03-11-2011,180.739609
04-11-2011,180.164932
08-11-2011,181.697433
09-11-2011,176.956253
11-11-2011,173.795456
14-11-2011,170.299438
15-11-2011,173.603897
16-11-2011,174.609619
17-11-2011,167.761215
18-11-2011,163.115845
21-11-2011,154.73494
22-11-2011,165.17514
23-11-2011,161.248093
24-11-2011,165.749817
25-11-2011,164.600433
28-11-2011,174.178604
29-11-2011,169.964203
30-11-2011,165.510376
01-12-2011,175.280075
02-12-2011,183.804626
05-12-2011,183.517288
07-12-2011,183.325729
08-12-2011,180.595947
09-12-2011,175.280075
12-12-2011,169.868408
13-12-2011,171.353043
14-12-2011,169.628967
15-12-2011,165.366684
16-12-2011,165.127228
19-12-2011,172.215057
20-12-2011,167.521774
21-12-2011,169.533173
22-12-2011,175.854767
23-12-2011,177.147797
26-12-2011,178.871887
27-12-2011,174.41806
28-12-2011,172.59819
29-12-2011,171.592484
30-12-2011,171.161484
02-01-2012,176.190002
03-01-2012,185.768127
04-01-2012,192.712311
05-01-2012,193.574326
06-01-2012,195.011063
07-01-2012,null
09-01-2012,192.137604
10-01-2012,196.447784
11-01-2012,196.256226
12-01-2012,197.501373
13-01-2012,199.991699
16-01-2012,204.732864
17-01-2012,208.228882
18-01-2012,204.828644
19-01-2012,209.234589
20-01-2012,209.857193
23-01-2012,209.857193
24-01-2012,212.58699
25-01-2012,221.207291
27-01-2012,229.731842
30-01-2012,224.032852
31-01-2012,233.467316
01-02-2012,237.921158
02-02-2012,236.053421
03-02-2012,237.202789
06-02-2012,241.129822
07-02-2012,239.78891
08-02-2012,240.028351
09-02-2012,246.445709
10-02-2012,246.493607
13-02-2012,247.403519
14-02-2012,256.646423
15-02-2012,275.70694
16-02-2012,264.261047
17-02-2012,262.393311
21-02-2012,259.855103
22-02-2012,257.125336
23-02-2012,257.125336
24-02-2012,254.251877
27-02-2012,248.983917
28-02-2012,261.818604
29-02-2012,259.519897
01-03-2012,255.928085
02-03-2012,256.359131
03-03-2012,null
05-03-2012,262.584839
06-03-2012,255.736481
07-03-2012,256.646423
09-03-2012,268.810699
12-03-2012,272.210876
13-03-2012,271.061554
14-03-2012,277.766235
15-03-2012,278.197266
16-03-2012,274.605499
19-03-2012,271.492554
20-03-2012,259.950867
21-03-2012,264.452637
22-03-2012,258.705719
23-03-2012,261.196045
26-03-2012,257.077454
27-03-2012,261.291809
28-03-2012,259.711456
29-03-2012,260.477692
30-03-2012,263.638458
02-04-2012,265.123077
03-04-2012,269.385376
04-04-2012,266.799255
09-04-2012,263.973694
10-04-2012,271.779877
11-04-2012,271.109436
12-04-2012,274.126495
13-04-2012,277.095795
16-04-2012,288.014862
17-04-2012,288.63739
18-04-2012,296.683136
19-04-2012,305.782318
20-04-2012,303.291992
23-04-2012,296.683136
24-04-2012,298.694489
25-04-2012,300.705902
26-04-2012,298.933929
27-04-2012,299.460754
30-04-2012,303.196198
02-05-2012,291.654541
03-05-2012,288.254333
04-05-2012,289.068481
07-05-2012,295.390045
08-05-2012,283.89624
09-05-2012,280.496033
10-05-2012,276.999969
11-05-2012,284.94986
14-05-2012,278.340942
15-05-2012,278.101471
16-05-2012,257.65213
17-05-2012,259.711456
18-05-2012,248.93605
21-05-2012,250.803757
22-05-2012,253.916641
23-05-2012,250.420639
24-05-2012,255.736481
25-05-2012,257.700043
28-05-2012,264.931549
29-05-2012,264.117401
30-05-2012,232.79686
31-05-2012,223.170822
01-06-2012,215.077255
04-06-2012,219.195877
05-06-2012,212.299606
06-06-2012,224.511734
07-06-2012,226.475281
08-06-2012,229.109268
11-06-2012,225.565369
12-06-2012,232.701065
13-06-2012,227.385208
14-06-2012,217.136581
15-06-2012,230.162857
18-06-2012,227.912003
19-06-2012,228.103561
20-06-2012,235.574509
21-06-2012,237.729599
22-06-2012,236.675995
25-06-2012,235.813965
26-06-2012,236.292862
27-06-2012,229.109268
28-06-2012,230.210754
29-06-2012,232.222137
02-07-2012,227.912003
03-07-2012,227.52887
04-07-2012,226.235809
05-07-2012,229.875519
06-07-2012,230.498093
09-07-2012,230.689636
10-07-2012,236.101303
11-07-2012,231.264343
12-07-2012,226.810501
13-07-2012,225.996368
16-07-2012,219.578995
17-07-2012,216.370331
18-07-2012,216.077789
19-07-2012,219.198044
20-07-2012,217.832916
23-07-2012,210.666107
24-07-2012,210.4711
25-07-2012,207.692108
26-07-2012,199.988983
27-07-2012,207.545837
30-07-2012,216.175293
31-07-2012,220.611938
01-08-2012,221.684509
02-08-2012,217.150391
03-08-2012,215.444
06-08-2012,223.342148
07-08-2012,232.849167
08-08-2012,235.481888
09-08-2012,233.336731
10-08-2012,226.169876
13-08-2012,222.562073
14-08-2012,229.14386
16-08-2012,229.582657
17-08-2012,234.214279
21-08-2012,240.064774
22-08-2012,241.917404
23-08-2012,239.187195
24-08-2012,239.918518
27-08-2012,235.043106
28-08-2012,231.386566
29-08-2012,227.583725
30-08-2012,230.850266
31-08-2012,228.461319
03-09-2012,225.146042
04-09-2012,228.997604
05-09-2012,223.000854
06-09-2012,227.242462
07-09-2012,237.237045
08-09-2012,null
10-09-2012,242.697495
11-09-2012,243.575058
12-09-2012,256.689911
13-09-2012,252.935867
14-09-2012,263.564209
17-09-2012,270.926056
18-09-2012,266.684479
20-09-2012,264.831818
21-09-2012,268.585907
24-09-2012,266.879456
25-09-2012,262.199097
26-09-2012,256.54361
27-09-2012,253.325867
28-09-2012,260.882721
01-10-2012,267.854523
03-10-2012,266.684479
04-10-2012,267.464478
05-10-2012,273.558777
08-10-2012,265.660614
09-10-2012,262.979156
10-10-2012,260.785217
11-10-2012,266.976959
12-10-2012,264.49054
15-10-2012,262.686646
16-10-2012,255.76358
17-10-2012,258.298767
18-10-2012,263.515472
19-10-2012,262.2966
22-10-2012,260.395142
23-10-2012,258.006226
25-10-2012,254.739746
29-10-2012,250.351868
30-10-2012,241.478653
31-10-2012,248.401718
01-11-2012,260.785217
02-11-2012,263.320435
05-11-2012,263.076691
06-11-2012,260.297699
07-11-2012,262.637909
08-11-2012,276.874054
09-11-2012,273.607513
11-11-2012,null
12-11-2012,273.753784
15-11-2012,265.465637
16-11-2012,258.396271
19-11-2012,257.518677
20-11-2012,259.468872
21-11-2012,258.883789
22-11-2012,252.302017
23-11-2012,254.008423
26-11-2012,256.641144
27-11-2012,260.005157
29-11-2012,271.511108
30-11-2012,266.635681
03-12-2012,265.319366
04-12-2012,264.783081
05-12-2012,268.098358
06-12-2012,273.851318
07-12-2012,274.875122
10-12-2012,272.973755
11-12-2012,271.1698
12-12-2012,269.609741
13-12-2012,280.725616
14-12-2012,284.820984
17-12-2012,286.722382
18-12-2012,290.915192
19-12-2012,300.080963
20-12-2012,297.302002
21-12-2012,291.939056
24-12-2012,299.300903
26-12-2012,298.472107
27-12-2012,301.494812
28-12-2012,302.323669
31-12-2012,304.858856
01-01-2013,308.856689
02-01-2013,310.075531
03-01-2013,310.173065
04-01-2013,307.540344
07-01-2013,305.443939
08-01-2013,306.321503
09-01-2013,319.192535
10-01-2013,325.384277
11-01-2013,322.166534
14-01-2013,319.533783
15-01-2013,323.287872
16-01-2013,312.074463
17-01-2013,320.752686
18-01-2013,320.36264
21-01-2013,315.194702
22-01-2013,310.611847
23-01-2013,305.248871
24-01-2013,286.137329
25-01-2013,293.499176
28-01-2013,300.861023
29-01-2013,296.668152
30-01-2013,291.744019
31-01-2013,290.573975
01-02-2013,274.631348
04-02-2013,284.723419
05-02-2013,280.043091
06-02-2013,279.067963
07-02-2013,281.408142
08-02-2013,278.287933
11-02-2013,283.650879
12-02-2013,291.11026
13-02-2013,297.106934
14-02-2013,289.793854
15-02-2013,296.86319
18-02-2013,298.179596
19-02-2013,299.105896
20-02-2013,296.375671
21-02-2013,290.135132
22-02-2013,285.601013
25-02-2013,291.695282
26-02-2013,282.188232
27-02-2013,279.11676
28-02-2013,280.384338
01-03-2013,281.213165
04-03-2013,282.529541
05-03-2013,293.011597
06-03-2013,301.68988
07-03-2013,298.2771
08-03-2013,296.22937
11-03-2013,294.035461
12-03-2013,297.106934
13-03-2013,293.499176
14-03-2013,293.499176
15-03-2013,283.845856
18-03-2013,279.701813
19-03-2013,274.582611
20-03-2013,278.531677
21-03-2013,266.782013
22-03-2013,263.612946
25-03-2013,264.00296
26-03-2013,268.927155
28-03-2013,262.442871
01-04-2013,258.883789
02-04-2013,260.541473
03-04-2013,250.79068
04-04-2013,251.278214
05-04-2013,248.840485
08-04-2013,250.303101
09-04-2013,256.299866
10-04-2013,261.321503
11-04-2013,271.218567
12-04-2013,268.293335
15-04-2013,262.2966
16-04-2013,264.197998
17-04-2013,264.441803
18-04-2013,275.411469
22-04-2013,278.141663
23-04-2013,274.485077
25-04-2013,285.991058
26-04-2013,288.916321
29-04-2013,288.77005
30-04-2013,292.524109
02-05-2013,289.940094
03-05-2013,278.48291
06-05-2013,283.797119
07-05-2013,290.963989
08-05-2013,292.767853
09-05-2013,292.621643
10-05-2013,301.348572
13-05-2013,290.037598
14-05-2013,292.816589
15-05-2013,301.153534
16-05-2013,296.08313
17-05-2013,295.790649
20-05-2013,294.52301
21-05-2013,285.64978
22-05-2013,283.894623
23-05-2013,283.797119
24-05-2013,280.920624
27-05-2013,287.161133
28-05-2013,288.428741
29-05-2013,296.22937
30-05-2013,309.1492
31-05-2013,305.492706
03-06-2013,306.223969
04-06-2013,298.472107
05-06-2013,299.642181
06-06-2013,299.057129
07-06-2013,294.37677
10-06-2013,288.672546
11-06-2013,285.844818
12-06-2013,286.234802
13-06-2013,275.899017
14-06-2013,289.403839
17-06-2013,291.987823
18-06-2013,290.183899
19-06-2013,284.820984
20-06-2013,281.554443
21-06-2013,279.89679
24-06-2013,276.825287
25-06-2013,274.43634
26-06-2013,265.855652
27-06-2013,263.564209
28-06-2013,274.29007
01-07-2013,282.578278
02-07-2013,279.311768
03-07-2013,277.117798
04-07-2013,285.015991
05-07-2013,288.818787
08-07-2013,280.628113
09-07-2013,281.895691
10-07-2013,276.971527
11-07-2013,277.800354
12-07-2013,285.210999
15-07-2013,281.261902
16-07-2013,284.284637
17-07-2013,278.141663
18-07-2013,279.750549
19-07-2013,287.307434
22-07-2013,290.427673
23-07-2013,291.353973
24-07-2013,289.891357
25-07-2013,292.426575
26-07-2013,282.724518
29-07-2013,288.380005
30-07-2013,279.691772
31-07-2013,285.189392
01-08-2013,283.667725
02-08-2013,285.14032
05-08-2013,279.544525
06-08-2013,282.293335
07-08-2013,273.801483
08-08-2013,273.703308
12-08-2013,276.157562
13-08-2013,285.53302
14-08-2013,313.266602
16-08-2013,308.210724
19-08-2013,296.184662
20-08-2013,282.686005
21-08-2013,278.170135
22-08-2013,286.612885
23-08-2013,295.448364
26-08-2013,292.650482
27-08-2013,284.74762
28-08-2013,292.503204
29-08-2013,300.406067
30-08-2013,293.779449
02-09-2013,294.221222
03-09-2013,291.914154
04-09-2013,306.001862
05-09-2013,312.284882
06-09-2013,311.990356
10-09-2013,343.209015
11-09-2013,334.226257
12-09-2013,327.354248
13-09-2013,327.943268
16-09-2013,325.292633
17-09-2013,328.924988
18-09-2013,330.692078
19-09-2013,342.767242
20-09-2013,332.164673
23-09-2013,327.746918
24-09-2013,330.9375
25-09-2013,337.80957
26-09-2013,337.269592
27-09-2013,333.88269
30-09-2013,326.421631
01-10-2013,329.514008
03-10-2013,339.625763
04-10-2013,343.650757
07-10-2013,341.54007
08-10-2013,344.141632
09-10-2013,347.724884
10-10-2013,364.855927
11-10-2013,378.256378
14-10-2013,383.312225
15-10-2013,381.741486
17-10-2013,366.573914
18-10-2013,372.709686
21-10-2013,373.102356
22-10-2013,373.053253
23-10-2013,367.801086
24-10-2013,372.366089
25-10-2013,369.371826
28-10-2013,370.697113
29-10-2013,374.673096
30-10-2013,372.660583
31-10-2013,374.18222
01-11-2013,377.569153
05-11-2013,388.073578
06-11-2013,383.901276
07-11-2013,373.2005
08-11-2013,377.127411
11-11-2013,370.206268
12-11-2013,353.418884
13-11-2013,359.505554
14-11-2013,379.974365
18-11-2013,385.079346
19-11-2013,384.19577
20-11-2013,378.943573
21-11-2013,376.14566
22-11-2013,367.310181
25-11-2013,379.090881
26-11-2013,383.115906
27-11-2013,391.902283
28-11-2013,390.626068
29-11-2013,391.411438
02-12-2013,392.589478
03-12-2013,391.755035
04-12-2013,385.472015
05-12-2013,383.164978
06-12-2013,383.753998
09-12-2013,386.257385
10-12-2013,383.557678
11-12-2013,370.893494
12-12-2013,353.860657
13-12-2013,363.579651
16-12-2013,361.321747
17-12-2013,360.143646
18-12-2013,361.763519
19-12-2013,362.794312
20-12-2013,366.868408
23-12-2013,368.782806
24-12-2013,365.837646
26-12-2013,363.481476
27-12-2013,365.101379
30-12-2013,367.948334
31-12-2013,369.519104
01-01-2014,368.095612
02-01-2014,365.543121
03-01-2014,356.06955
06-01-2014,360.241791
07-01-2014,358.425659
08-01-2014,363.481476
09-01-2014,361.223541
10-01-2014,360.290924
13-01-2014,369.273651
14-01-2014,365.003174
15-01-2014,370.402618
16-01-2014,362.990662
17-01-2014,362.941559
20-01-2014,368.046539
21-01-2014,377.765533
22-01-2014,379.041779
23-01-2014,376.587433
24-01-2014,363.628723
27-01-2014,341.883698
28-01-2014,349.737488
29-01-2014,345.319702
30-01-2014,355.136902
31-01-2014,343.159943
03-02-2014,330.250336
04-02-2014,339.527557
05-02-2014,348.608459
06-02-2014,351.111816
07-02-2014,353.615234
10-02-2014,357.394836
11-02-2014,367.653809
12-02-2014,369.764496
13-02-2014,369.077332
14-02-2014,381.692413
17-02-2014,379.532623
18-02-2014,384.244873
19-02-2014,384.343048
20-02-2014,384.686646
21-02-2014,388.957123
24-02-2014,389.30072
25-02-2014,391.215088
26-02-2014,393.865692
28-02-2014,409.32782
03-03-2014,403.192047
04-03-2014,405.351837
05-03-2014,402.112183
06-03-2014,400.983185
07-03-2014,401.621277
10-03-2014,388.760803
11-03-2014,390.67514
12-03-2014,381.741486
13-03-2014,380.907013
14-03-2014,386.061035
18-03-2014,374.280426
19-03-2014,377.323761
20-03-2014,372.758759
21-03-2014,382.036011
22-03-2014,null
24-03-2014,384.343048
25-03-2014,383.704926
26-03-2014,394.307495
27-03-2014,389.447968
28-03-2014,390.036987
31-03-2014,391.362335
01-04-2014,395.78006
02-04-2014,406.529907
03-04-2014,403.83017
04-04-2014,398.087128
07-04-2014,396.614532
09-04-2014,413.205597
10-04-2014,422.924591
11-04-2014,415.856201
15-04-2014,404.419189
16-04-2014,403.63382
17-04-2014,421.255707
21-04-2014,424.200806
22-04-2014,420.961182
23-04-2014,417.279724
24-04-2014,417.279724
25-04-2014,415.512604
28-04-2014,408.836884
29-04-2014,401.47403
30-04-2014,407.167999
02-05-2014,407.167999
05-05-2014,406.873474
06-05-2014,411.487579
07-05-2014,409.082336
08-05-2014,415.316254
09-05-2014,419.684906
12-05-2014,437.061371
13-05-2014,432.889069
14-05-2014,434.263458
15-05-2014,431.612793
16-05-2014,441.626343
19-05-2014,436.276001
20-05-2014,431.809113
21-05-2014,428.962158
22-05-2014,422.924591
23-05-2014,423.415466
26-05-2014,435.932404
27-05-2014,428.618591
28-05-2014,420.912109
29-05-2014,416.543427
30-05-2014,407.462555
02-06-2014,413.058289
03-06-2014,413.205597
04-06-2014,414.334564
05-06-2014,427.047821
06-06-2014,431.072876
09-06-2014,440.3992
10-06-2014,445.11145
11-06-2014,437.601318
12-06-2014,441.331818
13-06-2014,430.238403
16-06-2014,422.973694
17-06-2014,432.839966
18-06-2014,425.231659
19-06-2014,430.582031
20-06-2014,430.042084
23-06-2014,427.636871
24-06-2014,434.067108
25-06-2014,435.146973
26-06-2014,429.992981
27-06-2014,424.446289
30-06-2014,423.415466
01-07-2014,442.55899
02-07-2014,447.467621
03-07-2014,461.162537
04-07-2014,460.868042
07-07-2014,470.096222
08-07-2014,461.40799
09-07-2014,450.809387
10-07-2014,446.767151
11-07-2014,439.668549
14-07-2014,449.577026
15-07-2014,456.379791
16-07-2014,463.675598
17-07-2014,468.605164
18-07-2014,468.605164
21-07-2014,468.260101
22-07-2014,479.844604
23-07-2014,478.02063
24-07-2014,478.415009
25-07-2014,454.605164
28-07-2014,447.457306
30-07-2014,444.992493
31-07-2014,440.457306
01-08-2014,433.802399
04-08-2014,440.309418
05-08-2014,450.365723
06-08-2014,441.246002
07-08-2014,435.7742
08-08-2014,426.802399
11-08-2014,440.260101
12-08-2014,467.323456
13-08-2014,466.830505
14-08-2014,477.774139
18-08-2014,496.703705
19-08-2014,511.541718
20-08-2014,505.034698
21-08-2014,505.527649
22-08-2014,504.344574
25-08-2014,501.238922
26-08-2014,505.429047
27-08-2014,514.351624
28-08-2014,517.654419
01-09-2014,512.675537
02-09-2014,508.978333
03-09-2014,515.238892
04-09-2014,505.774139
05-09-2014,498.872742
08-09-2014,502.915009
09-09-2014,509.865692
10-09-2014,509.274109
11-09-2014,507.105103
12-09-2014,509.914978
15-09-2014,505.182587
16-09-2014,492.710754
17-09-2014,499.809357
18-09-2014,517.999451
19-09-2014,511.591064
22-09-2014,532.443115
23-09-2014,510.5065
24-09-2014,506.168518
25-09-2014,497.245972
26-09-2014,503.900909
29-09-2014,503.555817
30-09-2014,495.076965
01-10-2014,495.668518
07-10-2014,497.837494
08-10-2014,501.830444
09-10-2014,513.26709
10-10-2014,485.76004
13-10-2014,489.260071
14-10-2014,481.126282
15-10-2014,481.126282
16-10-2014,476.985443
17-10-2014,469.098145
20-10-2014,487.682617
21-10-2014,494.386841
22-10-2014,511.837494
27-10-2014,496.605133
28-10-2014,501.485413
29-10-2014,518.788208
30-10-2014,519.527649
31-10-2014,528.302246
03-11-2014,523.914978
05-11-2014,528.450134
07-11-2014,525.837524
10-11-2014,514.943115
11-11-2014,514.351624
12-11-2014,524.358643
13-11-2014,519.330444
14-11-2014,516.52063
17-11-2014,537.569824
18-11-2014,533.971252
19-11-2014,522.041748
20-11-2014,517.358643
21-11-2014,523.520569
24-11-2014,518.985352
25-11-2014,514.499451
26-11-2014,512.626221
27-11-2014,512.626221
28-11-2014,525.985352
01-12-2014,528.450134
02-12-2014,521.499451
03-12-2014,521.548767
04-12-2014,520.316345
05-12-2014,517.950195
08-12-2014,508.436096
09-12-2014,496.161469
10-12-2014,503.802307
11-12-2014,496.802307
12-12-2014,492.907959
15-12-2014,486.992462
16-12-2014,474.865692
17-12-2014,469.098145
18-12-2014,478.069946
19-12-2014,479.055817
22-12-2014,487.731903
23-12-2014,481.27417
24-12-2014,477.133331
26-12-2014,478.316406
29-12-2014,488.076996
30-12-2014,486.795319
31-12-2014,488.569916
01-01-2015,491.429077
02-01-2015,504.591034
05-01-2015,516.421997
06-01-2015,494.337555
07-01-2015,486.89386
08-01-2015,504.788208
09-01-2015,514.943115
12-01-2015,514.943115
13-01-2015,512.133301
14-01-2015,513.02063
15-01-2015,525.443115
16-01-2015,518.344604
19-01-2015,530.914917
20-01-2015,551.323425
21-01-2015,543.731873
22-01-2015,558.520569
23-01-2015,580.161377
27-01-2015,596.034607
28-01-2015,580.900818
29-01-2015,590.168396
30-01-2015,576.907898
02-02-2015,584.154358
03-02-2015,594.802246
04-02-2015,583.069824
05-02-2015,580.900818
06-02-2015,551.717773
09-02-2015,535.00647
10-02-2015,556.154358
11-02-2015,551.027649
12-02-2015,553.88678
13-02-2015,557.583923
16-02-2015,566.062805
18-02-2015,576.069824
19-02-2015,568.429016
20-02-2015,571.73175
23-02-2015,566.112122
24-02-2015,556.450134
25-02-2015,560.196655
26-02-2015,552.75293
27-02-2015,567.048706
28-02-2015,null
02-03-2015,576.759949
03-03-2015,566.013489
04-03-2015,566.013489
05-03-2015,562.661377
09-03-2015,557.14032
10-03-2015,552.309265
11-03-2015,543.14032
12-03-2015,555.957153
13-03-2015,550.485352
16-03-2015,549.055786
17-03-2015,563.499451
18-03-2015,552.309265
19-03-2015,545.999451
20-03-2015,539.88678
23-03-2015,543.682495
24-03-2015,524.752991
25-03-2015,534.217773
26-03-2015,516.865662
27-03-2015,527.809326
30-03-2015,532.393799
31-03-2015,542.450195
01-04-2015,556.943115
06-04-2015,566.155457
07-04-2015,558.382813
08-04-2015,559.528809
09-04-2015,557.934448
10-04-2015,560.674805
13-04-2015,554.297241
15-04-2015,538.552673
16-04-2015,539.349915
17-04-2015,533.470581
20-04-2015,531.328125
21-04-2015,525.548584
22-04-2015,521.662231
23-04-2015,510.202576
24-04-2015,514.387878
27-04-2015,515.035522
28-04-2015,527.989929
29-04-2015,519.07135
30-04-2015,506.465759
04-05-2015,504.672058
05-05-2015,508.658051
06-05-2015,496.102264
07-05-2015,486.386475
08-05-2015,511.896637
11-05-2015,527.840454
12-05-2015,511.747131
13-05-2015,518.622925
14-05-2015,514.786377
15-05-2015,518.074829
18-05-2015,518.87207
19-05-2015,508.010284
20-05-2015,503.476257
21-05-2015,509.405396
22-05-2015,512.843323
25-05-2015,503.526093
26-05-2015,495.853149
27-05-2015,470.093872
28-05-2015,482.649658
29-05-2015,479.959106
01-06-2015,470.392792
02-06-2015,465.31076
03-06-2015,455.246185
04-06-2015,449.616028
05-06-2015,440.547974
08-06-2015,434.07077
09-06-2015,438.505157
10-06-2015,445.032166
11-06-2015,428.689758
12-06-2015,420.319214
15-06-2015,424.853271
16-06-2015,431.280579
17-06-2015,432.17749
18-06-2015,443.8862
19-06-2015,431.529724
22-06-2015,438.953583
23-06-2015,434.469391
24-06-2015,429.088348
25-06-2015,430.882019
26-06-2015,436.063782
29-06-2015,426.746613
30-06-2015,432.625885
01-07-2015,442.939545
02-07-2015,434.867981
03-07-2015,431.629395
06-07-2015,429.586578
07-07-2015,430.035004
08-07-2015,403.528412
09-07-2015,396.403473
10-07-2015,400.489075
13-07-2015,400.688385
14-07-2015,384.595093
15-07-2015,392.915771
16-07-2015,393.862427
17-07-2015,396.652588
20-07-2015,389.378265
21-07-2015,387.734039
22-07-2015,388.182434
23-07-2015,399.94101
24-07-2015,388.879974
27-07-2015,376.124939
28-07-2015,368.800751
29-07-2015,375.128448
30-07-2015,376.124939
31-07-2015,382.502472
03-08-2015,386.837189
04-08-2015,379.413361
05-08-2015,375.078613
06-08-2015,381.755096
07-08-2015,392.018951
10-08-2015,384.345978
11-08-2015,367.854065
12-08-2015,353.953064
13-08-2015,348.17337
14-08-2015,354.002869
17-08-2015,354.849884
18-08-2015,347.376221
19-08-2015,350.016907
20-08-2015,340.998688
21-08-2015,331.233063
24-08-2015,307.167877
25-08-2015,327.695557
26-08-2015,333.923615
27-08-2015,332.877258
28-08-2015,338.856201
31-08-2015,338.955872
01-09-2015,328.741852
02-09-2015,323.311005
03-09-2015,332.379028
04-09-2015,321.766418
07-09-2015,321.716583
08-09-2015,329.738342
09-09-2015,343.689209
10-09-2015,352.856903
11-09-2015,343.390259
14-09-2015,345.58252
15-09-2015,333.176239
16-09-2015,336.86322
18-09-2015,329.090637
21-09-2015,330.535522
22-09-2015,314.691345
23-09-2015,309.210632
24-09-2015,302.3349
28-09-2015,283.999481
29-09-2015,287.736298
30-09-2015,297.551727
01-10-2015,296.704712
05-10-2015,314.04361
06-10-2015,332.528534
07-10-2015,340.151672
08-10-2015,342.045013
09-10-2015,355.198669
12-10-2015,361.077942
13-10-2015,359.832336
14-10-2015,351.063202
15-10-2015,379.961426
16-10-2015,385.392273
19-10-2015,377.370544
20-10-2015,381.804901
21-10-2015,380.110901
23-10-2015,381.655457
26-10-2015,383.249847
27-10-2015,382.004211
28-10-2015,384.943848
29-10-2015,389.826691
30-10-2015,383.598602
02-11-2015,386.588104
03-11-2015,380.708771
04-11-2015,403.428741
05-11-2015,402.581726
06-11-2015,394.759277
09-11-2015,410.304535
10-11-2015,406.019623
13-11-2015,402.531921
16-11-2015,398.844879
17-11-2015,406.069427
18-11-2015,404.823822
19-11-2015,405.521362
20-11-2015,401.435791
23-11-2015,400.688385
24-11-2015,399.54245
26-11-2015,422.910126
27-11-2015,416.183807
30-11-2015,422.013245
01-12-2015,415.884857
02-12-2015,411.699585
03-12-2015,404.176117
04-12-2015,398.545959
07-12-2015,397.748718
08-12-2015,400.987305
09-12-2015,392.567017
10-12-2015,388.2323
11-12-2015,376.623199
14-12-2015,370.295471
15-12-2015,378.167725
16-12-2015,379.11441
17-12-2015,381.605652
18-12-2015,376.922119
21-12-2015,378.81546
22-12-2015,376.772644
23-12-2015,377.121429
24-12-2015,381.057556
28-12-2015,392.616852
29-12-2015,390.474396
30-12-2015,392.068787
31-12-2015,389.9263
01-01-2016,400.489075
04-01-2016,375.726318
05-01-2016,373.135468
06-01-2016,364.615479
07-01-2016,342.343933
08-01-2016,352.109528
11-01-2016,358.935516
12-01-2016,353.753723
13-01-2016,363.320038
14-01-2016,353.056213
15-01-2016,340.101837
18-01-2016,339.005707
19-01-2016,352.906738
20-01-2016,341.048492
21-01-2016,327.396576
22-01-2016,338.308136
25-01-2016,331.432404
27-01-2016,335.86676
28-01-2016,333.026764
29-01-2016,335.717285
01-02-2016,337.311676
02-02-2016,328.393066
03-02-2016,319.175537
04-02-2016,324.3573
05-02-2016,335.916595
08-02-2016,322.364319
09-02-2016,309.559448
10-02-2016,290.526459
11-02-2016,275.379852
12-02-2016,297.302612
15-02-2016,316.136292
16-02-2016,300.092773
17-02-2016,309.061157
18-02-2016,312.897675
19-02-2016,317.082947
22-02-2016,317.730652
23-02-2016,317.431671
24-02-2016,305.22467
25-02-2016,297.153137
26-02-2016,300.740509
29-02-2016,298.647888
01-03-2016,314.24295
02-03-2016,315.986816
03-03-2016,335.517975
04-03-2016,342.294098
08-03-2016,344.835144
09-03-2016,346.47937
10-03-2016,347.27655
11-03-2016,353.006378
14-03-2016,365.163574
15-03-2016,359.134766
16-03-2016,358.28775
17-03-2016,359.633026
18-03-2016,364.764923
21-03-2016,373.384613
22-03-2016,375.875824
23-03-2016,375.676483
28-03-2016,362.024597
29-03-2016,371.142517
30-03-2016,387.235779
31-03-2016,385.242798
01-04-2016,378.3172
04-04-2016,387.036499
05-04-2016,369.19931
06-04-2016,375.377563
07-04-2016,373.882843
08-04-2016,370.145996
11-04-2016,385.292633
12-04-2016,394.410492
13-04-2016,407.315063
18-04-2016,405.919952
20-04-2016,402.681366
21-04-2016,410.055389
22-04-2016,415.536072
25-04-2016,410.75296
26-04-2016,417.578857
27-04-2016,417.080627
28-04-2016,409.905914
29-04-2016,406.916473
02-05-2016,406.268738
03-05-2016,408.211884
04-05-2016,380.459656
05-05-2016,389.776825
06-05-2016,397.300323
09-05-2016,401.934021
10-05-2016,387.584564
11-05-2016,378.51651
12-05-2016,385.691193
13-05-2016,388.581055
16-05-2016,391.321411
17-05-2016,388.331909
18-05-2016,383.498962
19-05-2016,385.541748
20-05-2016,383.100372
23-05-2016,380.409851
24-05-2016,387.734039
25-05-2016,395.606293
26-05-2016,397.848389
27-05-2016,402.482086
30-05-2016,419.771149
31-05-2016,458.036346
01-06-2016,447.623077
02-06-2016,451.858124
03-06-2016,452.356384
06-06-2016,458.883362
07-06-2016,461.424408
08-06-2016,464.513519
09-06-2016,465.51001
10-06-2016,455.345856
13-06-2016,442.69043
14-06-2016,446.825836
15-06-2016,450.512848
16-06-2016,452.754944
17-06-2016,462.769684
20-06-2016,480.357697
21-06-2016,483.197693
22-06-2016,471.040558
23-06-2016,486.23703
24-06-2016,447.822327
27-06-2016,447.373932
28-06-2016,438.853943
29-06-2016,445.679871
30-06-2016,457.637787
01-07-2016,456.292511
04-07-2016,467.851776
05-07-2016,459.281982
07-07-2016,453.552155
08-07-2016,464.662994
11-07-2016,482.898773
12-07-2016,482.599792
13-07-2016,479.411072
14-07-2016,484.393524
15-07-2016,492.265778
18-07-2016,491.119324
19-07-2016,497.698822
20-07-2016,492.365448
21-07-2016,489.524292
22-07-2016,505.624146
25-07-2016,507.418518
26-07-2016,501.686401
27-07-2016,508.515106
28-07-2016,505.275208
29-07-2016,501.636566
01-08-2016,506.670868
02-08-2016,491.767303
03-08-2016,476.913605
04-08-2016,498.446503
05-08-2016,514.795593
08-08-2016,513.2005
09-08-2016,512.203613
10-08-2016,501.885773
11-08-2016,501.686401
12-08-2016,515.194275
16-08-2016,506.022888
17-08-2016,508.814178
18-08-2016,510.459045
19-08-2016,508.415436
22-08-2016,502.384247
23-08-2016,502.434052
24-08-2016,496.801636
25-08-2016,492.315613
26-08-2016,502.184845
29-08-2016,523.667847
30-08-2016,527.356384
31-08-2016,536.029358
01-09-2016,541.960876
02-09-2016,548.141602
06-09-2016,586.870911
07-09-2016,585.574951
08-09-2016,582.384888
09-09-2016,571.468933
12-09-2016,551.730408
14-09-2016,558.758545
15-09-2016,555.817688
16-09-2016,546.995178
19-09-2016,552.727356
20-09-2016,546.745972
21-09-2016,548.191467
22-09-2016,556.714905
23-09-2016,551.331665
26-09-2016,533.63678
27-09-2016,530.297241
28-09-2016,538.322205
29-09-2016,524.664795
30-09-2016,533.188171
03-10-2016,539.11969
04-10-2016,548.241333
05-10-2016,557.911194
06-10-2016,549.736633
07-10-2016,563.942383
10-10-2016,560.303711
13-10-2016,543.157104
14-10-2016,554.372192
17-10-2016,545.848755
18-10-2016,552.527954
19-10-2016,548.789612
20-10-2016,545.150879
21-10-2016,542.808228
24-10-2016,558.060669
25-10-2016,552.079346
26-10-2016,528.403137
27-10-2016,520.378113
28-10-2016,535.331543
01-11-2016,528.951416
02-11-2016,511.70517
03-11-2016,508.614807
04-11-2016,510.708252
07-11-2016,504.776764
08-11-2016,538.521606
09-11-2016,531.842407
10-11-2016,532.041809
11-11-2016,505.723816
15-11-2016,455.978851
16-11-2016,457.025604
17-11-2016,471.380859
18-11-2016,469.785828
21-11-2016,455.530273
22-11-2016,463.405701
23-11-2016,470.035034
24-11-2016,451.542694
25-11-2016,450.94455
28-11-2016,453.287262
29-11-2016,458.421234
30-11-2016,457.872925
01-12-2016,446.807465
02-12-2016,431.554962
05-12-2016,437.935089
06-12-2016,439.729492
07-12-2016,443.966309
08-12-2016,460.115936
09-12-2016,462.658051
12-12-2016,452.988159
13-12-2016,469.187683
14-12-2016,470.882416
15-12-2016,461.760834
16-12-2016,471.679901
19-12-2016,470.334106
20-12-2016,471.679901
21-12-2016,467.044373
22-12-2016,468.140961
23-12-2016,464.203217
26-12-2016,456.42746
27-12-2016,465.499207
28-12-2016,461.91037
29-12-2016,469.43689
30-12-2016,470.533478
02-01-2017,485.536713
03-01-2017,479.605225
04-01-2017,485.13797
05-01-2017,500.589813
06-01-2017,496.203491
09-01-2017,498.596008
10-01-2017,514.645996
11-01-2017,517.636658
12-01-2017,516.639771
13-01-2017,513.250305
16-01-2017,524.764465
17-01-2017,522.072876
18-01-2017,520.826782
19-01-2017,529.798767
20-01-2017,521.574402
23-01-2017,531.044922
24-01-2017,539.867371
25-01-2017,547.19458
27-01-2017,540.266174
30-01-2017,530.646118
31-01-2017,521.92334
01-02-2017,540.565247
02-02-2017,529.848633
03-02-2017,520.976257
06-02-2017,524.216125
07-02-2017,505.225342
08-02-2017,511.455933
09-02-2017,511.256531
10-02-2017,507.966797
13-02-2017,503.730011
14-02-2017,480.552246
15-02-2017,435.093964
16-02-2017,444.614258
17-02-2017,451.542694
20-02-2017,454.034912
21-02-2017,457.224976
22-02-2017,458.620605
23-02-2017,460.913483
27-02-2017,456.377594
28-02-2017,455.330872
01-03-2017,448.053558
02-03-2017,460.265503
03-03-2017,458.520935
06-03-2017,469.337219
07-03-2017,466.09729
08-03-2017,461.362061
09-03-2017,466.147156
10-03-2017,467.642517
14-03-2017,468.290466
15-03-2017,471.979004
16-03-2017,479.455688
17-03-2017,475.019501
20-03-2017,474.521057
21-03-2017,472.278046
22-03-2017,458.471069
23-03-2017,471.430695
24-03-2017,468.938446
27-03-2017,463.30603
28-03-2017,470.932251
29-03-2017,467.592651
30-03-2017,466.944672
31-03-2017,464.402618
03-04-2017,468.938446
05-04-2017,472.028839
06-04-2017,471.729767
07-04-2017,466.844971
10-04-2017,473.424469
11-04-2017,470.782715
12-04-2017,463.106628
13-04-2017,451.941437
17-04-2017,447.804352
18-04-2017,442.321442
19-04-2017,441.673431
20-04-2017,442.570648
21-04-2017,439.231049
24-04-2017,442.470947
25-04-2017,444.26535
26-04-2017,449.399353
27-04-2017,453.935242
28-04-2017,457.474182
02-05-2017,449.847961
03-05-2017,445.212402
04-05-2017,435.143799
05-05-2017,418.296295
08-05-2017,421.336823
09-05-2017,425.473907
10-05-2017,430.956818
11-05-2017,426.121918
12-05-2017,429.511353
15-05-2017,430.558075
16-05-2017,435.891449
17-05-2017,447.704651
18-05-2017,436.589294
19-05-2017,441.972504
22-05-2017,448.25293
23-05-2017,449.100281
24-05-2017,468.091095
25-05-2017,474.521057
26-05-2017,479.605225
29-05-2017,480.003967
30-05-2017,479.804596
31-05-2017,474.670593
01-06-2017,475.169037
02-06-2017,477.262512
05-06-2017,476.664368
06-06-2017,459.567657
07-06-2017,456.576996
08-06-2017,459.368286
09-06-2017,465.648712
12-06-2017,454.832428
13-06-2017,448.153229
14-06-2017,450.545807
15-06-2017,446.907104
16-06-2017,454.333984
19-06-2017,450.94455
20-06-2017,465.947784
21-06-2017,455.87915
22-06-2017,451.293457
23-06-2017,441.773132
27-06-2017,440.925751
28-06-2017,441.125153
29-06-2017,434.246582
30-06-2017,431.206055
03-07-2017,428.913208
04-07-2017,425.573608
05-07-2017,430.408539
06-07-2017,435.741943
07-07-2017,435.492706
10-07-2017,445.56134
11-07-2017,455.530273
12-07-2017,459.567657
13-07-2017,457.623718
14-07-2017,449.897797
17-07-2017,452.738953
18-07-2017,454.732727
19-07-2017,459.168915
20-07-2017,458.720306
21-07-2017,463.156494
24-07-2017,462.55835
25-07-2017,454.682892
26-07-2017,455.87915
27-07-2017,444.016144
28-07-2017,444.464752
31-07-2017,443.218628
01-08-2017,445.511475
02-08-2017,438.981842
03-08-2017,430.109497
04-08-2017,434.246582
07-08-2017,428.663971
08-08-2017,428.663971
09-08-2017,414.757324
10-08-2017,379.018738
11-08-2017,373.336426
14-08-2017,374.233612
16-08-2017,388.040588
17-08-2017,384.102844
18-08-2017,379.218079
21-08-2017,373.18689
22-08-2017,372.43924
23-08-2017,378.769501
24-08-2017,382.956421
28-08-2017,378.12149
29-08-2017,374.931458
30-08-2017,377.324005
31-08-2017,375.380035
01-09-2017,389.63562
04-09-2017,382.208771
05-09-2017,386.944
06-09-2017,381.510956
07-09-2017,376.975067
08-09-2017,373.884705
11-09-2017,374.133942
12-09-2017,387.043701
13-09-2017,388.439362
14-09-2017,403.143524
15-09-2017,400.50177
18-09-2017,403.691833
19-09-2017,422.33371
20-09-2017,413.5112
21-09-2017,412.364777
22-09-2017,410.520508
25-09-2017,406.931732
26-09-2017,409.972229
27-09-2017,403.641968
28-09-2017,400.152832
29-09-2017,400.252533
03-10-2017,414.707489
04-10-2017,422.234009
05-10-2017,421.984802
06-10-2017,423.529999
09-10-2017,424.277649
10-10-2017,422.283875
11-10-2017,414.209045
12-10-2017,418.844574
13-10-2017,423.480133
16-10-2017,435.692078
17-10-2017,430.956818
18-10-2017,431.854065
19-10-2017,425.623474
23-10-2017,421.436523
24-10-2017,414.757324
25-10-2017,420.639008
26-10-2017,418.096924
27-10-2017,428.564301
30-10-2017,435.193634
31-10-2017,427.068939
01-11-2017,436.389893
02-11-2017,433.548767
03-11-2017,446.30899
06-11-2017,461.461761
07-11-2017,450.446106
08-11-2017,436.838531
09-11-2017,438.78244
10-11-2017,421.237122
13-11-2017,416.800964
14-11-2017,413.012756
15-11-2017,407.38031
16-11-2017,412.165405
17-11-2017,420.489441
20-11-2017,421.68573
21-11-2017,422.931854
22-11-2017,427.268341
23-11-2017,424.925629
24-11-2017,424.177979
27-11-2017,420.090698
28-11-2017,414.657654
29-11-2017,412.663879
30-11-2017,402.894287
01-12-2017,397.660614
04-12-2017,402.395844
05-12-2017,401.000214
06-12-2017,395.816345
07-12-2017,400.750977
08-12-2017,409.872559
11-12-2017,408.875641
12-12-2017,405.585907
13-12-2017,400.701141
14-12-2017,401.149719
15-12-2017,403.84137
18-12-2017,404.539154
19-12-2017,418.794739
20-12-2017,421.286987
21-12-2017,419.492554
22-12-2017,420.688843
26-12-2017,422.882019
27-12-2017,421.137451
28-12-2017,417.299408
29-12-2017,430.50824
01-01-2018,423.131256
02-01-2018,437.935089
03-01-2018,432.551849
04-01-2018,428.614166
05-01-2018,430.259033
08-01-2018,432.202942
09-01-2018,436.190521
10-01-2018,431.953705
11-01-2018,433.399231
12-01-2018,435.741943
15-01-2018,431.006683
16-01-2018,420.589142
17-01-2018,421.635895
18-01-2018,417.648315
19-01-2018,416.751099
22-01-2018,420.589142
23-01-2018,416.701263
24-01-2018,402.346008
25-01-2018,399.056244
29-01-2018,398.009521
30-01-2018,394.620087
31-01-2018,398.258759
01-02-2018,392.42691
02-02-2018,382.557678
05-02-2018,394.570221
06-02-2018,374.283478
07-02-2018,376.62616
08-02-2018,373.685333
09-02-2018,367.604279
12-02-2018,370.644806
14-02-2018,375.679138
15-02-2018,374.632385
16-02-2018,369.598083
19-02-2018,367.604279
20-02-2018,368.152557
21-02-2018,363.317657
22-02-2018,357.386139
23-02-2018,359.080872
26-02-2018,370.894012
27-02-2018,371.392456
28-02-2018,368.750702
01-03-2018,369.598083
05-03-2018,350.956177
06-03-2018,345.423431
07-03-2018,346.71936
08-03-2018,344.077606
09-03-2018,340.438965
12-03-2018,351.504486
13-03-2018,352.052765
14-03-2018,352.949951
15-03-2018,352.00293
16-03-2018,338.694397
19-03-2018,334.656982
20-03-2018,337.747345
21-03-2018,332.812744
22-03-2018,337.149231
23-03-2018,329.822052
26-03-2018,331.317383
27-03-2018,330.121094
28-03-2018,325.834473
02-04-2018,338.096252
03-04-2018,342.033997
04-04-2018,354.495148
05-04-2018,361.074646
06-04-2018,362.96875
09-04-2018,357.186737
10-04-2018,352.152435
11-04-2018,354.694519
12-04-2018,357.286438
13-04-2018,355.940643
16-04-2018,338.096252
17-04-2018,335.404663
18-04-2018,333.759766
19-04-2018,333.211487
20-04-2018,334.956055
23-04-2018,333.012085
24-04-2018,330.519867
25-04-2018,327.579041
26-04-2018,329.223907
27-04-2018,335.853241
30-04-2018,339.342377
02-05-2018,335.00589
03-05-2018,332.463806
04-05-2018,333.361023
07-05-2018,334.108673
08-05-2018,331.118011
09-05-2018,340.887573
10-05-2018,332.563507
11-05-2018,329.772186
14-05-2018,322.594574
15-05-2018,309.136536
16-05-2018,309.286041
17-05-2018,313.9216
18-05-2018,303.653625
21-05-2018,294.980621
22-05-2018,306.743988
23-05-2018,308.488556
24-05-2018,287.753143
25-05-2018,293.236053
28-05-2018,295.379395
29-05-2018,293.734528
30-05-2018,288.00238
31-05-2018,281.622284
01-06-2018,286.307678
04-06-2018,285.759369
05-06-2018,284.064667
06-06-2018,294.731415
07-06-2018,304.451111
08-06-2018,308.987
11-06-2018,308.787598
12-06-2018,306.843658
13-06-2018,307.441803
14-06-2018,304.949554
15-06-2018,302.008728
18-06-2018,307.840546
19-06-2018,304.102203
20-06-2018,304.650513
21-06-2018,306.046143
22-06-2018,307.04303
25-06-2018,288.500824
26-06-2018,275.989838
27-06-2018,270.207825
28-06-2018,262.531769
29-06-2018,268.463257
02-07-2018,265.871368
03-07-2018,268.612823
04-07-2018,266.220245
05-07-2018,260.737335
06-07-2018,270.008484
09-07-2018,272.650238
10-07-2018,274.594177
11-07-2018,266.967926
12-07-2018,265.273224
13-07-2018,262.781006
16-07-2018,251.316727
17-07-2018,257.14856
18-07-2018,251.067505
19-07-2018,251.715485
20-07-2018,252.612671
23-07-2018,257.946075
24-07-2018,257.99588
25-07-2018,257.048859
26-07-2018,257.447601
27-07-2018,267.316864
30-07-2018,266.668884
31-07-2018,263.279449
01-08-2018,264.226471
02-08-2018,260.039551
03-08-2018,257.647003
06-08-2018,253.260666
07-08-2018,250.818283
08-08-2018,254.357239
09-08-2018,257.048859
10-08-2018,249.322937
13-08-2018,247.927277
14-08-2018,248.026978
16-08-2018,250.519211
17-08-2018,257.447601
20-08-2018,269.260803
21-08-2018,267.964813
23-08-2018,256.101807
24-08-2018,254.706161
27-08-2018,257.99588
28-08-2018,259.192169
29-08-2018,260.886902
30-08-2018,258.544189
31-08-2018,266.668884
03-09-2018,265.771667
04-09-2018,261.136139
05-09-2018,265.671967
06-09-2018,269.111267
07-09-2018,276.538116
10-09-2018,274.843414
11-09-2018,266.469482
12-09-2018,261.584717
14-09-2018,265.771667
17-09-2018,259.441406
18-09-2018,250.718582
19-09-2018,251.81517
21-09-2018,249.572159
24-09-2018,239.45369
25-09-2018,240.051834
26-09-2018,232.624985
27-09-2018,224.55014
28-09-2018,223.004959
01-10-2018,228.637421
03-10-2018,226.892853
04-10-2018,222.556366
05-10-2018,215.57811
08-10-2018,211.690231
09-10-2018,183.777222
10-10-2018,188.163559
11-10-2018,182.381577
12-10-2018,183.179092
15-10-2018,183.777222
16-10-2018,185.272568
17-10-2018,179.390884
19-10-2018,174.157196
22-10-2018,170.219482
23-10-2018,170.119781
24-10-2018,170.119781
25-10-2018,164.836258
26-10-2018,167.976471
29-10-2018,174.805191
30-10-2018,176.69928
31-10-2018,178.543533
01-11-2018,178.892441
02-11-2018,189.70874
05-11-2018,189.210297
06-11-2018,192.649567
07-11-2018,194.244598
09-11-2018,194.643356
12-11-2018,185.471939
13-11-2018,178.942291
14-11-2018,176.250687
15-11-2018,179.640106
16-11-2018,179.341049
19-11-2018,184.026459
20-11-2018,183.179092
21-11-2018,183.577835
22-11-2018,181.982819
26-11-2018,181.185303
27-11-2018,179.490585
28-11-2018,173.907974
29-11-2018,176.69928
30-11-2018,171.415741
03-12-2018,174.904877
04-12-2018,175.203949
05-12-2018,168.674286
06-12-2018,162.144638
07-12-2018,161.895416
10-12-2018,156.611893
11-12-2018,157.608795
12-12-2018,163.590149
13-12-2018,166.331604
14-12-2018,166.431274
17-12-2018,173.409531
18-12-2018,174.207047
19-12-2018,173.35968
20-12-2018,175.851913
21-12-2018,175.702393
24-12-2018,171.964035
26-12-2018,170.369003
27-12-2018,167.727249
28-12-2018,170.319168
31-12-2018,172.163422
01-01-2019,172.911087
02-01-2019,168.026321
03-01-2019,165.534088
04-01-2019,170.418854
07-01-2019,174.805191
08-01-2019,179.390884
09-01-2019,182.481262
10-01-2019,185.172867
11-01-2019,179.739807
14-01-2019,181.833282
15-01-2019,184.774124
16-01-2019,184.873795
17-01-2019,184.3255
18-01-2019,182.730484
21-01-2019,180.936081
22-01-2019,180.288101
23-01-2019,179.689957
24-01-2019,174.855026
25-01-2019,172.711716
28-01-2019,171.764664
29-01-2019,173.060623
30-01-2019,174.057526
31-01-2019,180.637009
01-02-2019,181.085602
04-02-2019,179.689957
05-02-2019,175.253784
06-02-2019,177.945404
07-02-2019,182.281891
08-02-2019,150.231766
11-02-2019,152.175705
12-02-2019,151.328354
14-02-2019,159.353348
15-02-2019,161.147751
18-02-2019,162.39386
19-02-2019,163.241226
20-02-2019,164.287964
21-02-2019,169.172745
22-02-2019,173.758453
25-02-2019,175.203949
26-02-2019,182.082504
27-02-2019,176.798981
28-02-2019,176.898651
01-03-2019,179.739807
05-03-2019,193.447083
06-03-2019,188.213394
07-03-2019,188.711853
08-03-2019,180.637009
11-03-2019,181.285004
12-03-2019,184.22583
13-03-2019,181.135452
14-03-2019,178.992142
15-03-2019,179.440735
18-03-2019,181.683746
19-03-2019,182.281891
20-03-2019,179.640106
22-03-2019,174.855026
25-03-2019,170.767776
26-03-2019,172.56218
27-03-2019,169.322281
28-03-2019,170.020096
01-04-2019,186.767914
02-04-2019,202.319427
03-04-2019,200.724411
04-04-2019,205.509491
05-04-2019,204.512589
08-04-2019,199.926895
09-04-2019,205.260254
10-04-2019,215.378738
11-04-2019,217.522049
12-04-2019,215.279037
15-04-2019,231.029953
16-04-2019,229.783829
18-04-2019,235.515976
22-04-2019,234.120331
23-04-2019,230.930252
24-04-2019,222.905273
25-04-2019,221.160721
26-04-2019,214.93013
30-04-2019,213.634171
02-05-2019,206.655914
03-05-2019,208.79924
06-05-2019,199.17923
07-05-2019,190.35672
08-05-2019,184.524902
09-05-2019,185.771011
10-05-2019,185.322403
13-05-2019,180.1884
14-05-2019,183.926758
15-05-2019,168.923508
16-05-2019,174.855026
17-05-2019,176.300537
20-05-2019,189.559189
21-05-2019,176.250687
22-05-2019,178.543533
23-05-2019,174.605804
24-05-2019,181.733597
27-05-2019,180.786545
28-05-2019,179.689957
29-05-2019,175.802078
30-05-2019,174.605804
31-05-2019,172.063736
03-06-2019,173.957825
04-06-2019,172.711716
06-06-2019,169.172745
07-06-2019,168.973358
10-06-2019,165.683609
11-06-2019,170.219482
12-06-2019,168.524765
13-06-2019,166.879883
14-06-2019,163.689819
17-06-2019,158.25676
18-06-2019,157.808167
19-06-2019,154.169495
20-06-2019,158.755203
21-06-2019,158.406296
24-06-2019,158.805054
25-06-2019,159.951477
26-06-2019,160.599472
27-06-2019,165.334702
28-06-2019,162.044952
01-07-2019,167.478027
02-07-2019,163.241226
03-07-2019,161.795731
04-07-2019,164.686722
05-07-2019,159.702255
08-07-2019,154.069809
09-07-2019,155.315933
10-07-2019,151.178818
11-07-2019,156.31282
12-07-2019,158.805054
15-07-2019,160.449921
16-07-2019,169.471802
17-07-2019,167.378326
18-07-2019,160.250549
19-07-2019,154.368881
22-07-2019,156.26297
23-07-2019,155.714676
24-07-2019,150.78006
25-07-2019,143.851654
26-07-2019,146.692795
29-07-2019,137.122635
30-07-2019,133.03537
31-07-2019,135.178696
01-08-2019,129.147491
02-08-2019,130.293915
05-08-2019,123.365509
06-08-2019,122.119392
07-08-2019,117.03524
08-08-2019,123.664581
09-08-2019,121.670792
13-08-2019,121.571098
14-08-2019,120.524361
16-08-2019,120.972961
19-08-2019,120.424675
20-08-2019,123.465195
21-08-2019,112.050774
22-08-2019,107.365372
23-08-2019,110.704971
26-08-2019,110.20652
27-08-2019,119.976067
28-08-2019,115.988495
29-08-2019,113.94487
30-08-2019,116.33741
03-09-2019,112.299995
04-09-2019,109.159782
05-09-2019,117.68322
06-09-2019,120.873276
09-09-2019,121.521255
11-09-2019,133.932587
12-09-2019,127.552452
13-09-2019,129.147491
16-09-2019,128.200439
17-09-2019,121.620941
18-09-2019,121.371719
19-09-2019,123.81411
20-09-2019,132.835983
23-09-2019,127.502617
24-09-2019,130.493286
25-09-2019,122.667686
26-09-2019,124.113174
27-09-2019,119.527473
30-09-2019,117.085075
01-10-2019,114.941765
03-10-2019,122.019707
04-10-2019,119.278244
07-10-2019,117.134926
09-10-2019,120.524361
10-10-2019,116.437103
11-10-2019,120.923126
14-10-2019,127.452766
15-10-2019,126.555565
16-10-2019,125.458984
17-10-2019,139.066574
18-10-2019,136.424805
22-10-2019,131.340652
23-10-2019,132.237854
24-10-2019,133.08522
25-10-2019,126.455872
27-10-2019,147.241089
29-10-2019,171.9142
30-10-2019,171.365906
31-10-2019,177.147888
01-11-2019,174.506119
04-11-2019,171.664963
05-11-2019,171.465591
06-11-2019,173.957825
07-11-2019,170.967148
08-11-2019,168.524765
11-11-2019,171.465591
13-11-2019,170.069946
14-11-2019,166.530975
15-11-2019,168.026321
18-11-2019,169.571503
19-11-2019,167.228806
20-11-2019,166.879883
21-11-2019,163.639984
22-11-2019,161.845581
25-11-2019,165.583939
26-11-2019,162.892303
27-11-2019,165.384537
28-11-2019,164.287964
29-11-2019,160.998215
02-12-2019,160.549622
03-12-2019,157.708466
04-12-2019,168.873672
05-12-2019,165.583939
06-12-2019,160.998215
09-12-2019,160.001328
10-12-2019,159.203812
11-12-2019,161.297287
12-12-2019,172.811401
13-12-2019,176.150986
16-12-2019,174.406418
17-12-2019,179.640106
18-12-2019,174.256897
19-12-2019,178.593369
20-12-2019,175.40332
23-12-2019,175.503021
24-12-2019,174.954712
26-12-2019,174.057526
27-12-2019,175.602692
30-12-2019,183.129242
31-12-2019,184.574738
01-01-2020,183.876907
02-01-2020,193.14801
03-01-2020,190.506256
06-01-2020,185.073181
07-01-2020,184.126129
08-01-2020,181.982819
09-01-2020,191.403458
10-01-2020,195.739944
13-01-2020,195.640244
14-01-2020,195.241501
15-01-2020,199.727524
16-01-2020,196.936218
17-01-2020,196.686996
20-01-2020,194.394135
21-01-2020,190.805313
22-01-2020,185.023346
23-01-2020,187.814636
24-01-2020,185.920547
27-01-2020,181.633896
28-01-2020,175.552856
29-01-2020,187.465729
30-01-2020,185.621475
31-01-2020,176.051315
03-02-2020,163.340927
04-02-2020,165.185165
05-02-2020,183.179092
06-02-2020,178.294312
07-02-2020,173.060623
10-02-2020,168.375214
11-02-2020,169.22258
12-02-2020,170.418854
13-02-2020,168.973358
14-02-2020,168.574615
17-02-2020,168.574615
18-02-2020,161.097916
19-02-2020,157.558945
20-02-2020,158.007538
24-02-2020,150.181915
25-02-2020,149.43425
26-02-2020,144.100891
27-02-2020,144.798706
28-02-2020,128.549347
02-03-2020,125.010384
03-03-2020,129.945007
04-03-2020,125.807892
05-03-2020,125.359291
06-03-2020,113.845177
09-03-2020,105.37159
11-03-2020,98.59272
12-03-2020,87.726585
13-03-2020,89.471146
16-03-2020,82.692268
17-03-2020,77.707802
18-03-2020,75.265419
19-03-2020,72.723343
20-03-2020,77.05983
23-03-2020,65.994316
24-03-2020,68.337021
25-03-2020,70.031731
26-03-2020,70.580025
27-03-2020,70.480331
30-03-2020,67.938255
31-03-2020,70.829247
01-04-2020,67.738876
03-04-2020,65.097115
07-04-2020,67.041054
08-04-2020,67.389961
09-04-2020,74.368217
13-04-2020,74.019302
15-04-2020,72.6735
16-04-2020,74.41806
17-04-2020,76.611221
20-04-2020,80.200035
21-04-2020,74.41806
22-04-2020,75.664177
23-04-2020,75.414955
24-04-2020,73.96946
27-04-2020,75.016197
28-04-2020,76.710915
29-04-2020,77.907188
30-04-2020,92.960274
04-05-2020,83.63932
05-05-2020,80.648643
06-05-2020,82.94149
07-05-2020,82.243675
08-05-2020,80.79818
11-05-2020,85.832481
12-05-2020,85.932175
13-05-2020,86.929062
14-05-2020,83.539635
15-05-2020,84.087921
18-05-2020,80.399422
19-05-2020,81.545853
20-05-2020,83.19072
21-05-2020,83.838699
22-05-2020,82.54274
26-05-2020,82.841805
27-05-2020,84.287308
28-05-2020,86.729691
29-05-2020,86.729691
01-06-2020,89.271767
02-06-2020,96.200172
03-06-2020,98.443184
04-06-2020,98.193962
05-06-2020,110.405899
08-06-2020,115.091293
09-06-2020,111.103722
10-06-2020,111.053879
11-06-2020,105.82019
12-06-2020,104.972832
15-06-2020,100.187744
16-06-2020,94.455612
17-06-2020,95.103592
18-06-2020,96.050636
19-06-2020,102.181534
22-06-2020,102.33107
23-06-2020,104.07563
24-06-2020,104.474388
25-06-2020,103.477493
26-06-2020,101.084953
29-06-2020,99.141006
30-06-2020,97.944733
01-07-2020,100.436966
02-07-2020,101.234489
03-07-2020,103.128578
06-07-2020,108.661339
07-07-2020,108.711182
08-07-2020,105.022675
09-07-2020,106.617699
10-07-2020,107.265686
13-07-2020,107.664444
14-07-2020,104.823296
15-07-2020,102.879356
16-07-2020,102.630127
17-07-2020,106.069412
20-07-2020,104.72361
21-07-2020,108.113045
22-07-2020,104.823296
23-07-2020,105.720505
24-07-2020,103.42765
27-07-2020,101.38401
28-07-2020,106.119255
29-07-2020,105.421432
30-07-2020,103.327957
31-07-2020,104.324852
03-08-2020,112.698753
04-08-2020,111.103722
05-08-2020,115.041451
06-08-2020,116.437103
07-08-2020,118.72995
10-08-2020,123.465195
11-08-2020,121.920013
12-08-2020,124.960533
13-08-2020,130.742508
14-08-2020,124.212868
17-08-2020,123.16613
18-08-2020,125.209755
19-08-2020,124.761162
20-08-2020,121.321877
21-08-2020,120.524361
24-08-2020,120.823425
25-08-2020,126.705101
26-08-2020,137.471542
27-08-2020,143.801819
28-08-2020,142.356323
31-08-2020,142.755066
01-09-2020,143.35321
02-09-2020,149.833023
03-09-2020,151.378204
04-09-2020,147.34079
07-09-2020,148.935806
08-09-2020,141.85788
09-09-2020,139.664719
10-09-2020,142.854767
11-09-2020,143.851654
14-09-2020,148.088455
15-09-2020,147.938919
16-09-2020,150.979446
17-09-2020,147.191238
18-09-2020,147.44046
21-09-2020,137.022934
22-09-2020,132.686462
23-09-2020,130.99173
24-09-2020,122.418465
25-09-2020,126.85463
28-09-2020,132.437241
29-09-2020,131.290802
30-09-2020,132.885834
01-10-2020,133.08522
05-10-2020,133.483963
06-10-2020,144.300262
07-10-2020,140.561905
08-10-2020,140.51207
09-10-2020,138.019836
12-10-2020,135.477753
13-10-2020,133.68335
14-10-2020,130.293915
15-10-2020,126.555565
16-10-2020,127.353081
19-10-2020,127.851524
20-10-2020,129.247177
21-10-2020,129.845306
22-10-2020,133.08522
23-10-2020,136.574341
26-10-2020,133.284592
27-10-2020,135.228531
28-10-2020,134.38118
29-10-2020,131.490173
30-10-2020,132.237854
02-11-2020,132.437241
03-11-2020,133.68335
04-11-2020,135.477753
05-11-2020,137.222321
06-11-2020,138.56813
09-11-2020,140.561905
10-11-2020,145.546371
11-11-2020,150.480988
12-11-2020,150.730209
13-11-2020,145.895294
14-11-2020,148.387527
17-11-2020,157.509094
18-11-2020,172.960938
19-11-2020,167.428177
20-11-2020,168.574615
23-11-2020,170.169632
24-11-2020,171.515442
25-11-2020,170.917297
26-11-2020,173.210159
27-11-2020,179.789658
01-12-2020,179.191513
02-12-2020,183.029556
03-12-2020,184.275681
04-12-2020,183.577835
07-12-2020,182.979706
08-12-2020,181.235153
09-12-2020,182.132339
10-12-2020,177.048203
11-12-2020,178.294312
14-12-2020,177.098038
15-12-2020,178.344147
16-12-2020,181.982819
17-12-2020,181.135452
18-12-2020,179.989029
21-12-2020,164.038742
22-12-2020,164.4375
23-12-2020,168.674286
24-12-2020,175.40332
28-12-2020,185.771011
29-12-2020,182.88002
30-12-2020,183.577835
31-12-2020,183.278778
01-01-2021,185.920547
04-01-2021,190.705627
05-01-2021,192.599716
06-01-2021,194.792877
07-01-2021,196.138702
08-01-2021,197.534332
11-01-2021,219.964432
12-01-2021,237.061157
13-01-2021,241.846252
14-01-2021,244.33847
15-01-2021,259.491241
18-01-2021,245.185822
19-01-2021,257.846375
20-01-2021,274.045868
21-01-2021,289.697113
22-01-2021,288.450989
25-01-2021,278.282684
27-01-2021,266.668884
28-01-2021,265.971039
29-01-2021,261.883789
01-02-2021,278.731293
02-02-2021,320.999542
03-02-2021,329.971588
04-02-2021,325.136627
05-02-2021,314.918488
08-02-2021,334.906219
09-02-2021,324.040039
10-02-2021,327.878113
11-02-2021,323.990234
12-02-2021,324.388977
15-02-2021,332.31427
16-02-2021,328.177185
17-02-2021,329.124207
18-02-2021,322.843811
19-02-2021,310.881073
22-02-2021,303.553925
23-02-2021,322.993317
24-02-2021,320.650635
25-02-2021,332.114899
26-02-2021,321.946594
01-03-2021,327.279968
02-03-2021,344.675751
03-03-2021,347.417206
04-03-2021,338.146118
05-03-2021,324.13974
08-03-2021,320.251862
09-03-2021,314.220673
10-03-2021,320.451263
12-03-2021,316.563354
15-03-2021,317.560242
16-03-2021,318.955933
17-03-2021,304.849854
18-03-2021,306.046143
19-03-2021,307.990112
22-03-2021,302.108398
23-03-2021,306.444885
24-03-2021,293.535156
25-03-2021,284.662781
26-03-2021,295.479065
30-03-2021,296.127045
31-03-2021,300.862305
01-04-2021,306.793823
05-04-2021,304.102203
06-04-2021,306.793823
07-04-2021,306.843658
08-04-2021,312.974579
09-04-2021,317.211365
12-04-2021,285.659668
13-04-2021,301.909058
15-04-2021,302.557007
16-04-2021,309.036835
19-04-2021,300.463531
20-04-2021,297.123932
22-04-2021,293.634827
23-04-2021,293.086548
26-04-2021,294.482178
27-04-2021,300.563232
28-04-2021,304.949554
29-04-2021,300.961975
30-04-2021,292.937012
03-05-2021,292.089661
04-05-2021,288.55069
05-05-2021,290.594299
06-05-2021,300.314026
07-05-2021,301.809357
10-05-2021,313.871765
11-05-2021,314.56958
12-05-2021,324.987122
14-05-2021,311.279846
17-05-2021,320.102356
18-05-2021,331.417084
19-05-2021,313.473022
20-05-2021,306.743988
21-05-2021,312.127197
24-05-2021,310.881073
25-05-2021,314.270508
26-05-2021,314.519745
27-05-2021,317.610107
28-05-2021,317.759644
31-05-2021,317.759644
01-06-2021,317.111664
02-06-2021,321.996429
03-06-2021,324.638184
04-06-2021,333.909332
07-06-2021,344.426514
08-06-2021,351.653992
09-06-2021,342.283203
10-06-2021,343.678864
11-06-2021,349.660217
14-06-2021,354.844086
15-06-2021,351.604156
16-06-2021,348.264557
17-06-2021,344.57605
18-06-2021,336.351685
21-06-2021,333.261322
22-06-2021,336.850128
23-06-2021,334.208374
24-06-2021,333.610229
25-06-2021,338.594696
28-06-2021,341.734894
29-06-2021,340.4888
30-06-2021,338.544861
01-07-2021,343.18042
02-07-2021,343.8284
05-07-2021,345.024658
06-07-2021,315.915375
07-07-2021,316.114777
08-07-2021,305.398163
09-07-2021,305.348297
12-07-2021,306.494751
13-07-2021,309.983887
14-07-2021,308.588226
15-07-2021,309.286041
16-07-2021,310.282928
19-07-2021,307.890411
20-07-2021,301.211212
22-07-2021,301.609955
23-07-2021,294.631714
26-07-2021,292.239166
27-07-2021,290.494598
28-07-2021,283.566223
29-07-2021,291.98996
30-07-2021,293.036713
02-08-2021,295.927704
03-08-2021,302.756409
04-08-2021,297.223633
05-08-2021,298.768829
06-08-2021,299.117737
09-08-2021,297.173798
10-08-2021,293.285919
11-08-2021,294.532043
12-08-2021,305.049255
13-08-2021,306.29538
16-08-2021,302.756409
17-08-2021,296.775055
18-08-2021,292.438568
20-08-2021,282.220398
23-08-2021,276.089539
24-08-2021,278.930634
25-08-2021,283.516357
26-08-2021,283.416656
27-08-2021,284.862183
30-08-2021,291.042908
31-08-2021,286.407349
01-09-2021,294.332642
02-09-2021,292.239166
03-09-2021,294.631714
06-09-2021,296.525818
07-09-2021,293.684692
08-09-2021,294.332642
09-09-2021,298.021179
13-09-2021,300.264191
14-09-2021,305.148956
15-09-2021,310.980774
16-09-2021,310.681702
17-09-2021,307.641174
20-09-2021,298.021179
21-09-2021,301.011841
22-09-2021,309.136536
23-09-2021,320.501099
24-09-2021,316.962128
27-09-2021,330.619568
28-09-2021,328.276855
29-09-2021,329.223907
30-09-2021,332.31427
01-10-2021,332.264435
04-10-2021,340.937408
05-10-2021,343.878235
06-10-2021,335.00589
07-10-2021,375.3302
08-10-2021,381.760193
11-10-2021,414.458252
12-10-2021,419.542419
13-10-2021,505.325043
14-10-2021,496.053955
18-10-2021,508.016663
19-10-2021,480.40271
20-10-2021,485.387177
21-10-2021,506.421631
22-10-2021,489.374756
25-10-2021,478.408936
26-10-2021,507.069611
27-10-2021,496.353027
28-10-2021,479.555359
29-10-2021,482.197144
01-11-2021,484.190948
02-11-2021,486.334259
03-11-2021,483.393402
04-11-2021,488.178497
08-11-2021,499.842133
09-11-2021,508.066498
10-11-2021,509.163086
11-11-2021,501.885773
12-11-2021,505.474579
15-11-2021,503.879578
16-11-2021,517.437317
17-11-2021,528.502869
18-11-2021,508.116364
22-11-2021,484.589691
23-11-2021,493.96048
24-11-2021,487.131744
25-11-2021,491.219025
26-11-2021,458.770172
29-11-2021,460.016296
30-11-2021,457.17514
01-12-2021,473.773407
02-12-2021,477.61145
03-12-2021,478.608337
06-12-2021,465.748413
07-12-2021,480.30304
08-12-2021,492.365448
09-12-2021,492.415314
10-12-2021,492.913757
13-12-2021,493.810944
14-12-2021,487.879425
15-12-2021,490.122437
16-12-2021,490.421509
17-12-2021,468.739105
20-12-2021,445.661011
21-12-2021,452.190674
22-12-2021,469.038147
23-12-2021,470.882416
24-12-2021,466.147156
27-12-2021,469.686127
28-12-2021,478.708038
29-12-2021,474.521057
30-12-2021,468.938446
31-12-2021,480.901184
03-01-2022,496.053955
04-01-2022,488.078827
05-01-2022,488.228333
06-01-2022,487.331146
07-01-2022,489.075714
10-01-2022,502.13501
11-01-2022,499.742432
12-01-2022,505.673981
13-01-2022,510.359375
14-01-2022,508.315735
17-01-2022,523.368835
18-01-2022,509.212921
19-01-2022,519.231689
20-01-2022,514.097717
21-01-2022,500.290741
24-01-2022,476.96347
25-01-2022,489.025848
27-01-2022,492.863892
28-01-2022,495.754883
31-01-2022,516.141357
01-02-2022,502.733124
02-02-2022,504.826599
03-02-2022,502.932526
04-02-2022,499.044647
07-02-2022,493.063293
08-02-2022,491.219025
09-02-2022,499.692596
10-02-2022,505.873352
11-02-2022,497.300079
14-02-2022,469.985199
15-02-2022,502.434052
16-02-2022,496.901337
17-02-2022,498.396667
18-02-2022,491.617767
21-02-2022,492.913757
22-02-2022,476.764069
23-02-2022,475.517944
24-02-2022,426.620361
25-02-2022,458.321564
28-02-2022,452.639252
02-03-2022,446.20932
03-03-2022,435.741943
04-03-2022,415.953613
07-03-2022,392.775848
08-03-2022,390.532837
09-03-2022,404.638855
10-03-2022,418.296295
11-03-2022,416.8508
14-03-2022,410.420868
15-03-2022,412.364777
16-03-2022,423.579834
17-03-2022,432.452179
21-03-2022,426.620361
22-03-2022,438.981842
23-03-2022,434.445953
24-03-2022,431.854065
25-03-2022,430.757477
28-03-2022,431.355621
29-03-2022,432.352509
30-03-2022,434.296417
31-03-2022,432.402344
01-04-2022,439.779327
04-04-2022,445.361938
05-04-2022,456.626831
06-04-2022,454.732727
07-04-2022,448.103394
08-04-2022,450.645477
11-04-2022,450.645477
12-04-2022,436.938171
13-04-2022,429.710724
18-04-2022,432.452179
19-04-2022,423.6297
20-04-2022,439.181183
21-04-2022,446.657898
22-04-2022,437.486481
25-04-2022,423.829041
26-04-2022,433.548767
27-04-2022,428.913208
28-04-2022,434.69519
29-04-2022,436.240387
02-05-2022,431.505127
04-05-2022,422.184174
05-05-2022,424.975464
06-05-2022,407.280609
09-05-2022,402.694946
10-05-2022,390.532837
11-05-2022,386.944
12-05-2022,371.14325
13-05-2022,403.043823
16-05-2022,404.090576
17-05-2022,422.832153
18-05-2022,413.860107
19-05-2022,397.411377
20-05-2022,416.701263
23-05-2022,420.140564
24-05-2022,424.427185
25-05-2022,415.704376
26-05-2022,419.343018
27-05-2022,428.265228
30-05-2022,441.025452
31-05-2022,442.171875
01-06-2022,443.218628
02-06-2022,437.785553
03-06-2022,430.558075
06-06-2022,431.006683
07-06-2022,434.495819
08-06-2022,434.296417
09-06-2022,427.16864
10-06-2022,426.720032
13-06-2022,405.436401
14-06-2022,403.891174
15-06-2022,412.813385
16-06-2022,391.729126
17-06-2022,387.741547
20-06-2022,381.510956
21-06-2022,396.364655
22-06-2022,391.878632
23-06-2022,405.934845
24-06-2022,408.02829
27-06-2022,413.212158
28-06-2022,415.804077
29-06-2022,415.654541
30-06-2022,410.520508
01-07-2022,411.417755
04-07-2022,407.180939
05-07-2022,410.71991
06-07-2022,415.056396
07-07-2022,429.511353
08-07-2022,440.178101
11-07-2022,435.692078
12-07-2022,429.21225
13-07-2022,425.77301
14-07-2022,426.720032
15-07-2022,438.832306
18-07-2022,449.499054
19-07-2022,447.654785
20-07-2022,452.041138
21-07-2022,453.436768
22-07-2022,453.486603
25-07-2022,448.153229
26-07-2022,439.779327
27-07-2022,442.670319
28-07-2022,440.875916
29-07-2022,448.203094
01-08-2022,477.711121
02-08-2022,474.770294
03-08-2022,466.346527
04-08-2022,467.443115
05-08-2022,463.804474
08-08-2022,466.795135
10-08-2022,474.072449
11-08-2022,475.169037
12-08-2022,476.066223
16-08-2022,488.328033
17-08-2022,483.891846
18-08-2022,483.293701
19-08-2022,469.536591
22-08-2022,453.187561
23-08-2022,459.019379
24-08-2022,461.760834
25-08-2022,457.773285
26-08-2022,463.605072
29-08-2022,451.941437
30-08-2022,469.636292
01-09-2022,465.449341
02-09-2022,460.315338
05-09-2022,457.573883
06-09-2022,456.327759
07-09-2022,444.464752
08-09-2022,440.82608
09-09-2022,444.514587
12-09-2022,449.598724
13-09-2022,455.380707
14-09-2022,448.801239
15-09-2022,445.860382
16-09-2022,431.156219
19-09-2022,424.128143
20-09-2022,432.900787
21-09-2022,426.321289
22-09-2022,430.857147
23-09-2022,421.785431
26-09-2022,396.264954
27-09-2022,397.560913
28-09-2022,397.859985
29-09-2022,401.000214
30-09-2022,403.342896
03-10-2022,396.41449
04-10-2022,406.632629
06-10-2022,412.813385
07-10-2022,410.869446
10-10-2022,394.719788
11-10-2022,392.127869
12-10-2022,395.317902
13-10-2022,397.760315
14-10-2022,395.01886
17-10-2022,394.869324
18-10-2022,402.993988
19-10-2022,397.81015
20-10-2022,396.863098
21-10-2022,396.813232
24-10-2022,400.352234
25-10-2022,403.29306
27-10-2022,406.433289
28-10-2022,408.626434
31-10-2022,411.46759
01-11-2022,420.040863
02-11-2022,420.838379
03-11-2022,414.956696
04-11-2022,424.028442
07-11-2022,433.648438
09-11-2022,431.804199
10-11-2022,410.919312
11-11-2022,422.184174
14-11-2022,432.352509
15-11-2022,435.791779
16-11-2022,430.209167
17-11-2022,421.835266
18-11-2022,422.483246
21-11-2022,419.791656
22-11-2022,423.380463
23-11-2022,422.732452
24-11-2022,422.084473
25-11-2022,431.854065
28-11-2022,431.9039
29-11-2022,431.804199
30-11-2022,438.03476
01-12-2022,436.888367
02-12-2022,434.047211
05-12-2022,427.417877
06-12-2022,425.77301
07-12-2022,418.794739
08-12-2022,415.903778
09-12-2022,412.015869
12-12-2022,412.86322
13-12-2022,417.199707
14-12-2022,416.601563
15-12-2022,415.405334
16-12-2022,420.2901
19-12-2022,416.701263
20-12-2022,409.224579
21-12-2022,401.349121
22-12-2022,393.224457
23-12-2022,377.174469
26-12-2022,383.604401
27-12-2022,392.925354
28-12-2022,390.084229
29-12-2022,384.700989
30-12-2022,386.744659
02-01-2023,393.573334
03-01-2023,392.676147
04-01-2023,384.401947
05-01-2023,385.697906
06-01-2023,380.81311
09-01-2023,388.23999
10-01-2023,411.617096
11-01-2023,416.900665
12-01-2023,410.969147
13-01-2023,410.221466
16-01-2023,411.716797
17-01-2023,414.009644
18-01-2023,407.131104
19-01-2023,399.504852
20-01-2023,401.8974
23-01-2023,407.131104
24-01-2023,420.838379
25-01-2023,417.747986
27-01-2023,444.215515
30-01-2023,442.271576
31-01-2023,450.695313
01-02-2023,445.262238
02-02-2023,443.417999
03-02-2023,444.065979
06-02-2023,440.626709
07-02-2023,434.097076
08-02-2023,438.732605
09-02-2023,435.393005
10-02-2023,444.464752
13-02-2023,439.679626
14-02-2023,439.181183
15-02-2023,442.77002
16-02-2023,440.227936
17-02-2023,438.533234
20-02-2023,441.623596
21-02-2023,435.143799
22-02-2023,428.115692
23-02-2023,431.854065
24-02-2023,426.42099
27-02-2023,416.651428
28-02-2023,419.392883
01-03-2023,424.676422
02-03-2023,419.143677
03-03-2023,426.670197
06-03-2023,438.732605
08-03-2023,437.935089
09-03-2023,430.857147
10-03-2023,434.495819
13-03-2023,421.087585
14-03-2023,415.355469
15-03-2023,410.07193
16-03-2023,414.408417
17-03-2023,417.698151
20-03-2023,409.473785
21-03-2023,411.268188
22-03-2023,414.80719
23-03-2023,417.847687
24-03-2023,415.205933
27-03-2023,410.769745
28-03-2023,400.352234
29-03-2023,407.928619
31-03-2023,419.492554
03-04-2023,422.931854
05-04-2023,425.224701
06-04-2023,436.290222
10-04-2023,459.86673
11-04-2023,457.274841
12-04-2023,464.05368
13-04-2023,468.04126
17-04-2023,470.683014
18-04-2023,471.530396
19-04-2023,467.941559
20-04-2023,475.318573
21-04-2023,469.735992
24-04-2023,473.723572
25-04-2023,472.078674
26-04-2023,476.714233
27-04-2023,480.103668
28-04-2023,483.443268
02-05-2023,478.757843
03-05-2023,482.197144
04-05-2023,479.306122
05-05-2023,475.617645
08-05-2023,498.944946
09-05-2023,502.085144
10-05-2023,507.916992
11-05-2023,510.010468
12-05-2023,514.346924
15-05-2023,529.200623
16-05-2023,519.530823
17-05-2023,513.898315
18-05-2023,506.870239
19-05-2023,523.31897
22-05-2023,520.876587
23-05-2023,526.857971
24-05-2023,518.58374
25-05-2023,513.250305
26-05-2023,516.839172
29-05-2023,519.829834
30-05-2023,517.188049
31-05-2023,524.664795
01-06-2023,533.537109
02-06-2023,534.234985
05-06-2023,544.552795
06-06-2023,554.023254
07-06-2023,566.185364
08-06-2023,557.960999
09-06-2023,560.552917
12-06-2023,562.397217
13-06-2023,560.453247
14-06-2023,568.528076
15-06-2023,566.683838
16-06-2023,568.029602
19-06-2023,564.29126
20-06-2023,581.437805
21-06-2023,579.593628
22-06-2023,567.580994
23-06-2023,557.911194
26-06-2023,566.085632
27-06-2023,571.319336
28-06-2023,571.319336
30-06-2023,593.699585
03-07-2023,588.964355
04-07-2023,589.612366
05-07-2023,586.422302
06-07-2023,598.933289
07-07-2023,616.279236
10-07-2023,616.727844
11-07-2023,626.547241
12-07-2023,619.519165
13-07-2023,618.72168
14-07-2023,622.958435
17-07-2023,616.578308
18-07-2023,610.198181
19-07-2023,618.671753
20-07-2023,619.718567
21-07-2023,623.805786
24-07-2023,627.294922
25-07-2023,637.463257
26-07-2023,639.108093
27-07-2023,641.700012
28-07-2023,635.299988
31-07-2023,644.299988
01-08-2023,643.650024
02-08-2023,622.650024
03-08-2023,618.950012
04-08-2023,615
07-08-2023,609.5
08-08-2023,607.299988
09-08-2023,622.549988
10-08-2023,618.25
11-08-2023,611.799988
14-08-2023,607.349976
16-08-2023,618.75
17-08-2023,613.75
18-08-2023,615.799988
21-08-2023,620.5
22-08-2023,620.200012
23-08-2023,613.900024
24-08-2023,610.950012
25-08-2023,605.099976
28-08-2023,602.400024
29-08-2023,607.150024
30-08-2023,605.549988
31-08-2023,601
01-09-2023,611.200012
04-09-2023,609
05-09-2023,611.150024
06-09-2023,610.25
07-09-2023,614.900024
08-09-2023,627.25
11-09-2023,634.849976
12-09-2023,620.799988
13-09-2023,625.900024
14-09-2023,624.599976
15-09-2023,634.25
18-09-2023,640.650024
20-09-2023,638.5
21-09-2023,627.049988
22-09-2023,620.450012
25-09-2023,618.700012
26-09-2023,619.799988
27-09-2023,620.150024
28-09-2023,614.099976
29-09-2023,630.200012
03-10-2023,620.450012
04-10-2023,613.599976
05-10-2023,619.599976
06-10-2023,622.450012
09-10-2023,617.349976
10-10-2023,630.549988
11-10-2023,634
12-10-2023,636.950012
13-10-2023,667.099976
16-10-2023,666.200012
17-10-2023,655.700012
18-10-2023,668.5
19-10-2023,668.799988
20-10-2023,663.200012
23-10-2023,647.349976
25-10-2023,637.849976
26-10-2023,626.549988
27-10-2023,641.049988
30-10-2023,628.5
31-10-2023,628.650024
01-11-2023,627.700012
02-11-2023,636.450012
03-11-2023,647.5
06-11-2023,646.049988
07-11-2023,645
08-11-2023,642.549988
09-11-2023,649.349976
10-11-2023,651.049988
13-11-2023,653.25
15-11-2023,671.549988
16-11-2023,680.400024
17-11-2023,681.549988
20-11-2023,674.299988
21-11-2023,681.700012
22-11-2023,681.200012
23-11-2023,679.950012
24-11-2023,673.700012
28-11-2023,697.5
29-11-2023,712.349976
30-11-2023,706.400024
01-12-2023,705.450012
04-12-2023,705.599976
05-12-2023,708.950012
06-12-2023,722.450012
07-12-2023,721.950012
08-12-2023,714.549988
11-12-2023,720.799988
12-12-2023,715.400024
13-12-2023,720.299988
14-12-2023,719.75
15-12-2023,732.400024
18-12-2023,730.799988
19-12-2023,728.950012
20-12-2023,705.25
21-12-2023,708.849976
22-12-2023,724.700012
26-12-2023,719.549988
27-12-2023,740.900024
28-12-2023,753.900024
29-12-2023,779.950012
01-01-2024,790.599976
02-01-2024,784.400024
03-01-2024,781.450012
04-01-2024,795.75
05-01-2024,790.950012
08-01-2024,789.099976
09-01-2024,799.799988
10-01-2024,808.450012
11-01-2024,815.650024
12-01-2024,816.450012
15-01-2024,812.450012
16-01-2024,818.849976
17-01-2024,805.549988
18-01-2024,819.049988
19-01-2024,823.549988
